picname,counting
n000002,315
n000003,205
n000005,229
n000007,259
n000008,273
n000010,156
n000011,380
n000012,382
n000013,314
n000014,288
n000015,248
n000016,449
n000017,319
n000018,283
n000019,374
n000020,450
n000021,286
n000022,396
n000023,398
n000024,451
n000025,309
n000026,373
n000027,382
n000028,264
n000030,268
n000031,305
n000032,519
n000033,357
n000034,306
n000035,237
n000036,374
n000037,206
n000038,419
n000039,376
n000041,391
n000042,265
n000043,493
n000044,364
n000045,246
n000046,411
n000047,330
n000048,216
n000049,440
n000050,400
n000051,327
n000052,212
n000053,381
n000054,438
n000055,450
n000056,304
n000057,365
n000058,444
n000059,346
n000060,495
n000062,321
n000063,437
n000064,378
n000065,394
n000066,339
n000067,511
n000068,304
n000069,398
n000070,422
n000071,320
n000072,306
n000073,320
n000074,259
n000075,192
n000076,304
n000077,319
n000079,448
n000080,594
n000083,498
n000084,448
n000085,454
n000086,438
n000087,434
n000088,386
n000089,303
n000090,469
n000091,206
n000092,250
n000093,176
n000094,432
n000095,216
n000096,425
n000097,603
n000098,482
n000099,346
n000100,485
n000101,285
n000102,375
n000103,572
n000104,445
n000105,515
n000107,226
n000108,401
n000109,478
n000110,359
n000111,511
n000112,283
n000113,217
n000114,336
n000115,301
n000116,440
n000117,371
n000118,392
n000119,207
n000120,417
n000121,349
n000122,365
n000123,316
n000124,310
n000125,186
n000126,429
n000127,271
n000128,207
n000130,372
n000131,358
n000132,334
n000133,285
n000134,404
n000135,158
n000136,266
n000137,226
n000138,304
n000139,432
n000140,446
n000141,367
n000143,258
n000144,314
n000145,405
n000146,312
n000150,446
n000151,433
n000152,392
n000155,291
n000156,358
n000157,408
n000158,373
n000159,494
n000160,385
n000161,379
n000162,292
n000163,542
n000164,375
n000165,289
n000166,400
n000167,417
n000168,289
n000169,328
n000170,384
n000171,459
n000172,484
n000173,286
n000174,280
n000175,351
n000176,560
n000177,266
n000179,388
n000180,330
n000181,399
n000182,280
n000183,314
n000184,416
n000185,554
n000186,500
n000187,376
n000188,494
n000189,175
n000190,346
n000191,385
n000192,518
n000193,271
n000194,193
n000195,300
n000196,188
n000197,323
n000198,240
n000199,413
n000201,277
n000202,648
n000203,526
n000204,378
n000205,418
n000206,368
n000207,386
n000208,276
n000209,363
n000210,279
n000211,333
n000212,312
n000213,271
n000214,486
n000215,440
n000216,371
n000217,439
n000218,336
n000219,365
n000220,476
n000221,371
n000222,411
n000223,506
n000224,296
n000225,623
n000226,247
n000227,564
n000228,596
n000229,271
n000230,272
n000231,260
n000232,246
n000233,311
n000234,639
n000235,414
n000236,481
n000237,230
n000238,474
n000239,330
n000240,396
n000241,548
n000242,437
n000243,436
n000244,334
n000245,299
n000246,228
n000247,213
n000248,518
n000249,392
n000250,415
n000251,308
n000252,300
n000253,113
n000254,332
n000255,580
n000256,207
n000257,520
n000258,230
n000260,474
n000261,328
n000262,433
n000263,308
n000264,438
n000265,499
n000266,677
n000267,352
n000268,479
n000269,238
n000270,720
n000271,503
n000272,398
n000273,246
n000274,462
n000275,433
n000276,318
n000277,491
n000278,199
n000279,206
n000280,284
n000281,345
n000282,588
n000283,326
n000285,388
n000286,442
n000287,422
n000288,430
n000289,327
n000290,211
n000291,336
n000292,389
n000293,222
n000294,349
n000295,398
n000296,276
n000297,499
n000298,242
n000299,397
n000300,518
n000301,347
n000302,613
n000303,174
n000304,272
n000305,438
n000306,459
n000307,320
n000308,328
n000309,462
n000310,319
n000311,362
n000312,266
n000313,225
n000314,617
n000315,278
n000316,497
n000317,191
n000318,482
n000319,355
n000320,385
n000321,381
n000322,327
n000323,360
n000324,318
n000325,254
n000326,529
n000327,253
n000328,240
n000329,434
n000330,326
n000331,510
n000332,564
n000333,350
n000334,262
n000335,235
n000336,296
n000337,350
n000338,311
n000339,242
n000340,268
n000341,436
n000342,206
n000343,346
n000344,366
n000345,436
n000346,413
n000347,424
n000348,338
n000349,209
n000350,442
n000351,448
n000352,475
n000353,285
n000354,370
n000355,384
n000356,387
n000357,414
n000358,519
n000359,455
n000360,154
n000361,386
n000362,234
n000364,269
n000365,377
n000366,241
n000367,393
n000368,382
n000369,342
n000370,254
n000371,282
n000372,435
n000373,408
n000374,392
n000375,327
n000376,433
n000377,473
n000378,530
n000379,357
n000380,452
n000381,301
n000382,308
n000383,400
n000384,276
n000385,273
n000386,329
n000387,442
n000388,315
n000389,255
n000390,205
n000391,425
n000392,353
n000393,332
n000395,605
n000396,307
n000397,539
n000398,273
n000399,538
n000400,238
n000401,392
n000402,351
n000403,495
n000405,404
n000406,434
n000407,304
n000408,275
n000409,362
n000411,466
n000412,434
n000413,437
n000414,356
n000415,335
n000416,299
n000417,393
n000418,422
n000419,689
n000420,452
n000421,387
n000422,415
n000423,222
n000424,207
n000425,454
n000426,402
n000427,315
n000428,373
n000429,491
n000430,231
n000431,255
n000432,255
n000433,213
n000434,470
n000435,420
n000436,200
n000437,175
n000438,556
n000439,191
n000440,433
n000441,474
n000442,322
n000443,379
n000444,385
n000445,344
n000446,397
n000447,397
n000448,252
n000449,366
n000450,412
n000451,364
n000453,349
n000454,331
n000455,263
n000456,481
n000457,281
n000458,386
n000459,443
n000460,378
n000461,341
n000462,455
n000463,384
n000464,373
n000465,436
n000466,336
n000467,367
n000468,217
n000469,476
n000470,157
n000471,373
n000472,658
n000473,364
n000474,252
n000475,351
n000476,435
n000477,302
n000478,390
n000479,427
n000481,348
n000482,461
n000483,383
n000484,463
n000485,453
n000486,215
n000487,341
n000488,411
n000489,338
n000490,338
n000491,502
n000492,359
n000493,102
n000494,475
n000495,443
n000496,293
n000497,492
n000498,415
n000499,280
n000500,477
n000501,374
n000502,335
n000503,441
n000504,297
n000505,256
n000506,207
n000507,273
n000508,517
n000509,218
n000510,391
n000511,350
n000512,248
n000513,345
n000514,287
n000515,203
n000516,366
n000517,350
n000518,376
n000519,313
n000520,497
n000521,402
n000522,414
n000524,387
n000525,212
n000526,388
n000528,447
n000529,373
n000530,408
n000531,224
n000532,479
n000533,173
n000534,294
n000535,442
n000536,363
n000537,494
n000538,424
n000539,433
n000540,391
n000541,385
n000542,312
n000543,363
n000544,511
n000545,514
n000546,240
n000547,531
n000548,444
n000549,425
n000550,453
n000552,435
n000553,364
n000554,564
n000555,265
n000556,141
n000557,461
n000558,548
n000559,359
n000560,516
n000561,406
n000562,431
n000563,545
n000564,428
n000565,372
n000566,430
n000567,365
n000568,540
n000569,472
n000570,283
n000571,343
n000573,393
n000574,431
n000575,294
n000576,317
n000577,631
n000578,406
n000579,481
n000580,248
n000581,292
n000582,391
n000583,262
n000584,374
n000585,222
n000586,332
n000587,429
n000588,329
n000589,393
n000590,287
n000591,443
n000592,257
n000593,321
n000594,354
n000595,397
n000597,360
n000599,387
n000600,446
n000601,254
n000602,344
n000603,425
n000604,343
n000605,211
n000606,541
n000607,408
n000608,360
n000609,241
n000610,363
n000611,386
n000612,300
n000613,452
n000614,489
n000615,221
n000616,454
n000618,403
n000619,334
n000620,497
n000621,311
n000622,256
n000623,244
n000625,393
n000626,340
n000627,411
n000628,622
n000629,472
n000630,514
n000631,337
n000632,508
n000633,653
n000634,248
n000635,270
n000636,233
n000637,549
n000638,412
n000639,380
n000640,595
n000641,468
n000642,305
n000643,453
n000644,303
n000645,514
n000646,501
n000647,440
n000648,323
n000649,209
n000650,366
n000651,218
n000652,336
n000653,361
n000655,263
n000656,300
n000657,382
n000660,385
n000661,445
n000662,191
n000663,557
n000664,252
n000665,464
n000666,282
n000668,514
n000669,226
n000670,266
n000671,408
n000672,434
n000673,434
n000674,445
n000675,340
n000676,397
n000677,396
n000678,304
n000679,337
n000680,396
n000681,340
n000682,417
n000683,428
n000684,294
n000685,358
n000686,349
n000687,208
n000688,222
n000690,393
n000691,322
n000692,431
n000693,353
n000694,354
n000695,389
n000696,385
n000697,379
n000698,313
n000699,365
n000700,396
n000701,248
n000702,382
n000703,285
n000704,216
n000705,518
n000707,428
n000708,343
n000709,451
n000710,428
n000711,299
n000712,495
n000713,248
n000714,385
n000715,476
n000716,408
n000717,431
n000718,340
n000719,236
n000720,410
n000721,403
n000722,433
n000723,310
n000724,490
n000725,382
n000726,381
n000727,580
n000728,205
n000729,317
n000730,196
n000731,380
n000732,449
n000733,458
n000734,272
n000735,401
n000737,476
n000739,245
n000741,442
n000742,347
n000743,365
n000744,180
n000745,459
n000747,397
n000748,221
n000749,378
n000750,371
n000751,449
n000752,396
n000753,326
n000754,316
n000755,532
n000756,507
n000757,339
n000758,508
n000759,481
n000760,311
n000761,213
n000762,325
n000763,393
n000764,351
n000765,255
n000766,203
n000767,261
n000768,345
n000769,472
n000770,466
n000771,512
n000772,375
n000773,458
n000776,405
n000777,236
n000778,347
n000779,241
n000780,262
n000781,358
n000782,338
n000783,396
n000784,462
n000786,375
n000787,241
n000788,390
n000789,499
n000790,258
n000791,305
n000792,414
n000793,431
n000794,307
n000795,419
n000796,451
n000797,330
n000798,222
n000799,407
n000800,248
n000801,317
n000802,237
n000803,401
n000804,631
n000805,500
n000806,347
n000807,427
n000808,432
n000809,289
n000810,843
n000811,309
n000812,651
n000813,402
n000814,394
n000815,229
n000816,443
n000817,524
n000818,477
n000819,392
n000820,316
n000821,248
n000822,238
n000823,456
n000824,352
n000825,533
n000826,563
n000827,499
n000828,346
n000829,397
n000830,331
n000831,285
n000832,286
n000833,537
n000834,265
n000835,606
n000837,284
n000839,427
n000840,230
n000841,339
n000842,345
n000843,335
n000844,432
n000845,321
n000846,275
n000847,466
n000848,302
n000849,371
n000850,232
n000851,450
n000852,326
n000853,253
n000855,299
n000856,203
n000857,558
n000858,334
n000859,304
n000860,326
n000861,208
n000862,462
n000863,466
n000864,277
n000865,489
n000867,227
n000868,283
n000869,499
n000870,289
n000871,327
n000872,388
n000873,440
n000874,184
n000875,428
n000876,541
n000878,213
n000879,510
n000880,516
n000881,343
n000882,264
n000883,457
n000884,474
n000885,597
n000886,359
n000887,444
n000888,377
n000889,339
n000890,266
n000891,348
n000892,347
n000893,329
n000894,255
n000895,456
n000896,274
n000897,232
n000898,407
n000899,361
n000900,348
n000901,518
n000902,480
n000903,429
n000904,435
n000905,349
n000906,217
n000907,407
n000908,381
n000909,327
n000910,320
n000911,439
n000913,317
n000914,195
n000915,453
n000916,386
n000917,364
n000918,357
n000919,426
n000920,402
n000921,216
n000922,356
n000923,393
n000924,440
n000925,280
n000926,478
n000927,297
n000929,128
n000930,356
n000931,246
n000932,312
n000933,380
n000934,309
n000935,314
n000937,253
n000938,379
n000939,455
n000940,456
n000941,572
n000942,549
n000943,487
n000944,455
n000946,191
n000947,204
n000948,338
n000949,244
n000951,243
n000952,383
n000953,201
n000954,455
n000955,246
n000956,590
n000957,466
n000959,368
n000960,374
n000961,349
n000962,210
n000963,421
n000964,470
n000965,356
n000966,331
n000967,514
n000968,439
n000969,436
n000970,333
n000971,365
n000972,222
n000973,452
n000974,311
n000975,348
n000976,541
n000977,278
n000978,368
n000979,356
n000980,309
n000981,479
n000982,354
n000983,325
n000984,416
n000985,356
n000986,303
n000987,397
n000988,425
n000989,175
n000990,429
n000991,333
n000992,448
n000993,276
n000994,483
n000995,358
n000996,349
n000997,266
n000999,411
n001000,452
n001001,520
n001002,263
n001003,363
n001004,341
n001005,329
n001006,590
n001007,404
n001008,205
n001009,464
n001010,509
n001011,319
n001012,478
n001014,188
n001015,497
n001016,427
n001017,376
n001018,421
n001019,467
n001023,204
n001024,470
n001025,535
n001026,497
n001027,335
n001028,587
n001029,258
n001030,378
n001031,331
n001032,379
n001033,395
n001034,256
n001035,232
n001036,320
n001037,386
n001038,475
n001039,377
n001040,308
n001041,397
n001042,478
n001043,104
n001044,391
n001045,296
n001046,149
n001047,406
n001048,304
n001049,249
n001050,408
n001051,367
n001052,509
n001053,236
n001054,338
n001055,233
n001056,445
n001057,471
n001058,305
n001060,419
n001061,359
n001062,336
n001063,396
n001064,287
n001065,349
n001066,530
n001067,343
n001068,473
n001069,391
n001070,279
n001071,396
n001072,363
n001073,314
n001074,249
n001075,364
n001076,351
n001077,359
n001078,391
n001079,237
n001080,370
n001081,224
n001082,363
n001083,267
n001084,362
n001085,236
n001086,346
n001087,251
n001088,374
n001089,391
n001090,458
n001091,542
n001092,350
n001093,389
n001094,473
n001095,413
n001096,385
n001097,383
n001098,297
n001099,269
n001100,389
n001101,346
n001102,294
n001103,239
n001104,339
n001105,406
n001106,441
n001108,266
n001109,314
n001110,234
n001111,393
n001112,324
n001113,400
n001114,241
n001115,375
n001116,326
n001117,371
n001118,182
n001119,352
n001120,401
n001121,464
n001122,304
n001123,354
n001124,392
n001126,339
n001128,218
n001129,484
n001130,415
n001131,495
n001132,547
n001133,357
n001134,481
n001135,433
n001136,353
n001137,475
n001138,261
n001139,454
n001140,350
n001141,226
n001142,463
n001143,369
n001144,392
n001145,631
n001147,406
n001148,567
n001149,235
n001150,456
n001151,274
n001152,319
n001154,410
n001155,427
n001157,312
n001158,314
n001159,453
n001160,273
n001161,463
n001162,371
n001163,386
n001164,334
n001165,447
n001166,274
n001167,240
n001168,283
n001169,405
n001170,401
n001171,328
n001172,353
n001173,295
n001175,227
n001176,331
n001177,168
n001178,537
n001179,266
n001180,317
n001182,374
n001183,224
n001184,383
n001185,309
n001186,364
n001187,500
n001188,441
n001189,390
n001191,268
n001192,354
n001193,446
n001194,222
n001195,230
n001196,282
n001198,487
n001200,545
n001201,336
n001202,206
n001203,230
n001204,404
n001205,410
n001206,422
n001207,256
n001208,171
n001209,218
n001210,384
n001212,301
n001213,310
n001214,236
n001215,330
n001216,426
n001217,208
n001218,462
n001219,335
n001220,367
n001221,577
n001222,466
n001223,492
n001224,499
n001225,548
n001226,419
n001227,461
n001228,357
n001229,422
n001230,311
n001231,204
n001232,329
n001233,204
n001234,414
n001235,609
n001236,388
n001237,548
n001238,385
n001239,356
n001240,297
n001241,530
n001243,245
n001244,394
n001245,361
n001246,323
n001247,268
n001248,305
n001249,411
n001250,234
n001251,309
n001252,242
n001253,395
n001254,348
n001255,301
n001257,217
n001258,326
n001259,485
n001260,375
n001261,280
n001262,430
n001263,477
n001264,528
n001265,302
n001266,272
n001267,276
n001268,388
n001269,385
n001270,219
n001271,397
n001272,402
n001273,231
n001274,387
n001275,387
n001276,324
n001278,286
n001279,201
n001280,210
n001281,456
n001282,358
n001283,210
n001284,219
n001285,484
n001286,307
n001287,460
n001288,334
n001289,316
n001290,402
n001292,355
n001294,429
n001295,318
n001297,221
n001298,390
n001300,318
n001301,420
n001305,364
n001306,212
n001307,237
n001308,335
n001309,469
n001310,331
n001311,279
n001312,202
n001313,355
n001314,372
n001315,469
n001316,675
n001317,344
n001319,581
n001320,375
n001321,275
n001322,513
n001323,341
n001325,400
n001326,315
n001327,396
n001328,408
n001329,549
n001330,383
n001331,347
n001332,345
n001334,282
n001335,380
n001336,411
n001338,283
n001339,357
n001340,392
n001342,267
n001343,413
n001344,448
n001345,358
n001346,430
n001347,235
n001348,416
n001349,395
n001350,324
n001351,344
n001352,511
n001353,309
n001354,387
n001355,479
n001356,328
n001357,265
n001358,220
n001359,524
n001360,488
n001361,403
n001362,326
n001363,467
n001364,339
n001365,395
n001366,211
n001367,552
n001369,564
n001370,492
n001371,304
n001372,428
n001373,412
n001374,338
n001375,403
n001376,297
n001377,219
n001378,294
n001379,421
n001380,441
n001381,449
n001382,368
n001383,331
n001384,427
n001385,313
n001386,293
n001387,478
n001388,345
n001389,346
n001390,214
n001391,649
n001392,570
n001393,338
n001394,235
n001395,412
n001396,412
n001397,561
n001398,391
n001399,286
n001400,394
n001402,231
n001403,396
n001404,499
n001405,455
n001406,231
n001407,441
n001408,360
n001409,399
n001410,471
n001411,333
n001412,259
n001413,443
n001414,383
n001415,491
n001416,235
n001417,352
n001419,359
n001420,327
n001421,451
n001422,337
n001423,380
n001424,361
n001425,460
n001426,224
n001427,296
n001428,437
n001429,261
n001430,455
n001431,425
n001432,364
n001433,262
n001434,417
n001435,204
n001436,375
n001437,447
n001438,241
n001440,290
n001441,374
n001442,493
n001443,356
n001444,289
n001445,230
n001447,288
n001448,498
n001449,311
n001450,294
n001451,333
n001452,418
n001453,281
n001454,184
n001455,314
n001456,227
n001457,267
n001458,276
n001460,441
n001461,436
n001462,243
n001463,374
n001464,323
n001465,537
n001466,532
n001468,417
n001469,481
n001470,481
n001471,349
n001472,309
n001473,226
n001474,400
n001475,145
n001476,490
n001477,308
n001478,125
n001480,437
n001482,280
n001483,284
n001484,466
n001486,493
n001487,218
n001488,334
n001489,482
n001490,328
n001491,408
n001492,542
n001493,579
n001494,452
n001495,618
n001496,534
n001497,471
n001498,310
n001499,361
n001500,345
n001501,417
n001502,480
n001503,189
n001504,390
n001505,420
n001507,200
n001508,665
n001509,508
n001510,246
n001511,438
n001512,259
n001513,372
n001514,561
n001515,355
n001516,311
n001517,367
n001518,485
n001519,340
n001520,392
n001521,289
n001522,216
n001523,485
n001525,252
n001526,189
n001528,383
n001529,345
n001530,413
n001531,305
n001532,350
n001533,393
n001534,365
n001535,587
n001536,393
n001537,354
n001538,470
n001539,205
n001540,520
n001541,473
n001542,296
n001543,309
n001544,312
n001545,339
n001546,219
n001547,605
n001548,495
n001549,577
n001550,413
n001551,438
n001552,461
n001553,437
n001554,176
n001555,342
n001556,206
n001557,241
n001558,246
n001559,539
n001560,446
n001561,452
n001562,323
n001563,394
n001564,270
n001565,169
n001566,637
n001567,484
n001568,429
n001569,309
n001570,277
n001571,315
n001572,322
n001573,417
n001574,261
n001575,201
n001577,287
n001578,413
n001579,425
n001580,325
n001581,229
n001582,483
n001583,679
n001584,603
n001585,352
n001586,761
n001587,564
n001588,578
n001589,496
n001590,325
n001591,304
n001592,578
n001593,250
n001594,470
n001595,365
n001596,254
n001597,207
n001598,349
n001599,327
n001600,444
n001601,469
n001602,399
n001603,354
n001604,334
n001605,253
n001606,297
n001607,282
n001608,533
n001609,404
n001610,314
n001611,283
n001612,308
n001613,351
n001614,439
n001615,426
n001616,334
n001618,459
n001619,274
n001620,430
n001621,365
n001622,308
n001623,413
n001624,375
n001625,281
n001626,266
n001627,405
n001628,357
n001629,455
n001630,396
n001631,374
n001632,405
n001633,319
n001634,238
n001635,375
n001636,258
n001637,397
n001638,215
n001639,449
n001640,333
n001641,402
n001642,507
n001643,410
n001644,475
n001645,524
n001646,422
n001647,495
n001648,384
n001649,392
n001651,327
n001652,505
n001653,381
n001654,377
n001656,405
n001657,654
n001658,586
n001659,572
n001660,414
n001661,244
n001662,327
n001663,453
n001664,356
n001665,489
n001666,476
n001667,216
n001668,428
n001670,287
n001671,361
n001673,402
n001674,357
n001675,450
n001676,325
n001677,426
n001678,175
n001679,247
n001680,468
n001681,457
n001682,237
n001684,473
n001685,139
n001686,343
n001688,288
n001689,276
n001690,395
n001691,336
n001692,401
n001693,584
n001694,410
n001695,467
n001696,376
n001697,493
n001698,357
n001699,463
n001700,652
n001701,388
n001702,312
n001703,453
n001704,422
n001705,288
n001706,457
n001707,346
n001709,357
n001711,380
n001712,434
n001713,348
n001714,338
n001715,424
n001716,358
n001717,411
n001718,327
n001719,305
n001720,469
n001721,371
n001722,321
n001723,354
n001724,423
n001725,355
n001726,387
n001727,625
n001728,559
n001729,365
n001730,303
n001731,404
n001732,373
n001733,419
n001734,448
n001735,351
n001736,220
n001737,242
n001738,326
n001739,256
n001740,319
n001741,281
n001742,398
n001743,202
n001744,463
n001745,315
n001746,291
n001747,468
n001748,490
n001749,482
n001750,317
n001751,313
n001752,240
n001753,445
n001754,426
n001755,149
n001756,269
n001757,404
n001758,222
n001759,631
n001760,361
n001761,225
n001762,322
n001763,549
n001764,351
n001765,671
n001766,350
n001767,471
n001768,566
n001769,372
n001770,421
n001771,675
n001772,409
n001773,660
n001774,319
n001775,651
n001776,356
n001777,340
n001778,398
n001779,403
n001780,520
n001782,305
n001783,484
n001784,308
n001785,374
n001786,357
n001787,176
n001788,544
n001789,188
n001790,338
n001791,217
n001792,406
n001793,253
n001794,419
n001795,399
n001796,481
n001797,440
n001798,374
n001799,494
n001800,295
n001801,316
n001802,337
n001803,533
n001804,457
n001805,447
n001806,209
n001807,204
n001808,385
n001809,355
n001810,284
n001812,442
n001813,417
n001814,329
n001815,307
n001818,160
n001820,254
n001821,365
n001822,344
n001823,425
n001824,348
n001825,322
n001826,479
n001827,302
n001828,445
n001829,263
n001831,382
n001832,337
n001833,504
n001834,461
n001835,394
n001837,495
n001839,540
n001840,434
n001841,516
n001842,272
n001843,560
n001844,403
n001845,402
n001846,399
n001847,404
n001848,460
n001849,244
n001851,488
n001852,379
n001853,354
n001854,315
n001855,375
n001856,347
n001858,466
n001859,297
n001860,494
n001861,360
n001862,177
n001863,366
n001864,281
n001865,304
n001866,456
n001867,231
n001868,378
n001869,281
n001870,331
n001871,484
n001872,274
n001873,389
n001874,305
n001875,472
n001876,374
n001877,436
n001879,367
n001880,382
n001881,136
n001882,323
n001883,242
n001884,405
n001885,347
n001886,249
n001887,429
n001888,401
n001889,305
n001890,480
n001892,333
n001893,226
n001894,399
n001895,285
n001896,294
n001897,252
n001899,287
n001900,375
n001901,309
n001902,178
n001903,431
n001904,386
n001905,464
n001906,431
n001907,532
n001908,264
n001909,392
n001910,282
n001911,465
n001912,418
n001913,233
n001914,457
n001915,327
n001916,221
n001917,593
n001918,303
n001919,346
n001920,465
n001921,240
n001922,409
n001924,345
n001925,160
n001926,406
n001927,194
n001928,265
n001929,163
n001930,504
n001931,409
n001932,464
n001933,381
n001936,455
n001937,321
n001938,479
n001939,431
n001940,392
n001941,223
n001942,333
n001943,252
n001944,349
n001945,286
n001946,390
n001947,264
n001948,352
n001949,499
n001950,373
n001951,416
n001952,218
n001953,351
n001954,361
n001955,470
n001957,295
n001958,342
n001959,477
n001960,443
n001961,597
n001962,225
n001963,423
n001964,255
n001965,406
n001966,493
n001968,320
n001970,370
n001971,319
n001972,386
n001973,350
n001974,488
n001975,306
n001978,306
n001979,453
n001980,476
n001981,323
n001982,309
n001983,303
n001984,366
n001985,478
n001986,359
n001987,335
n001988,378
n001989,284
n001990,225
n001991,449
n001992,397
n001993,347
n001994,298
n001995,370
n001996,416
n001998,386
n001999,307
n002000,285
n002001,300
n002003,249
n002004,401
n002005,226
n002006,271
n002007,422
n002008,444
n002010,242
n002011,367
n002012,391
n002013,338
n002014,271
n002015,347
n002016,649
n002017,470
n002018,412
n002019,509
n002020,363
n002021,389
n002022,255
n002023,249
n002025,502
n002026,494
n002027,329
n002028,483
n002029,408
n002031,352
n002032,478
n002033,433
n002034,254
n002035,508
n002036,419
n002037,346
n002038,542
n002039,413
n002040,348
n002041,408
n002042,479
n002043,346
n002044,213
n002045,285
n002046,474
n002047,541
n002048,363
n002049,291
n002050,286
n002051,357
n002052,439
n002053,343
n002054,352
n002055,331
n002056,484
n002057,334
n002058,460
n002059,295
n002060,521
n002061,608
n002062,408
n002063,300
n002064,311
n002065,253
n002066,534
n002067,274
n002068,308
n002069,241
n002070,346
n002071,355
n002072,344
n002073,298
n002074,447
n002075,257
n002076,446
n002077,444
n002078,312
n002079,199
n002083,365
n002084,331
n002086,426
n002087,263
n002088,410
n002089,306
n002090,272
n002091,318
n002092,363
n002094,534
n002095,284
n002096,452
n002097,426
n002098,372
n002099,291
n002100,403
n002101,260
n002102,426
n002103,214
n002104,138
n002105,416
n002107,220
n002108,196
n002110,348
n002111,379
n002112,320
n002113,374
n002114,334
n002115,603
n002116,394
n002117,430
n002118,486
n002119,362
n002120,504
n002121,426
n002122,405
n002123,285
n002124,168
n002125,358
n002126,257
n002127,333
n002128,294
n002129,251
n002130,347
n002131,308
n002132,370
n002133,538
n002134,349
n002135,362
n002136,522
n002137,474
n002138,443
n002139,228
n002140,300
n002141,545
n002142,555
n002143,376
n002144,401
n002145,400
n002146,363
n002147,491
n002148,125
n002149,374
n002150,501
n002151,396
n002152,343
n002154,425
n002155,505
n002156,430
n002157,218
n002159,215
n002160,539
n002161,353
n002162,380
n002163,448
n002164,229
n002165,648
n002168,306
n002169,224
n002170,353
n002171,309
n002172,384
n002173,326
n002174,438
n002175,444
n002176,347
n002177,309
n002178,493
n002179,346
n002180,463
n002182,256
n002183,325
n002184,264
n002185,326
n002186,295
n002187,520
n002188,444
n002189,459
n002190,353
n002191,255
n002192,218
n002193,302
n002194,465
n002195,380
n002196,466
n002197,497
n002198,340
n002199,395
n002200,408
n002201,524
n002202,491
n002203,407
n002204,381
n002205,249
n002206,383
n002207,316
n002208,277
n002209,312
n002210,175
n002211,371
n002212,402
n002213,307
n002214,272
n002215,429
n002217,322
n002218,264
n002219,386
n002220,338
n002221,563
n002222,304
n002224,147
n002225,520
n002226,267
n002227,451
n002228,173
n002229,369
n002230,428
n002231,397
n002232,489
n002233,477
n002234,319
n002235,303
n002236,212
n002237,367
n002238,518
n002239,215
n002240,448
n002241,326
n002242,465
n002243,399
n002244,428
n002246,404
n002247,351
n002248,402
n002249,310
n002250,313
n002251,478
n002252,299
n002253,327
n002254,407
n002255,587
n002256,309
n002259,444
n002260,303
n002261,432
n002262,511
n002265,364
n002266,314
n002269,517
n002270,264
n002271,427
n002272,515
n002273,152
n002274,275
n002275,297
n002276,340
n002277,526
n002278,577
n002279,289
n002280,418
n002281,378
n002283,378
n002286,334
n002287,396
n002288,376
n002289,312
n002290,398
n002291,268
n002292,485
n002293,436
n002294,366
n002295,375
n002296,263
n002297,564
n002298,546
n002299,438
n002300,312
n002301,320
n002302,441
n002303,287
n002304,158
n002305,458
n002306,245
n002307,279
n002308,358
n002310,456
n002311,330
n002312,255
n002313,376
n002314,448
n002315,354
n002316,447
n002317,355
n002318,402
n002319,457
n002320,313
n002321,344
n002322,326
n002323,338
n002324,392
n002325,373
n002326,367
n002327,448
n002328,400
n002330,314
n002331,374
n002333,380
n002334,446
n002335,333
n002336,411
n002337,280
n002338,430
n002339,604
n002340,438
n002341,247
n002342,389
n002343,297
n002344,272
n002345,402
n002346,264
n002347,371
n002348,350
n002349,239
n002350,587
n002352,374
n002353,258
n002354,314
n002355,397
n002356,248
n002357,338
n002358,346
n002359,521
n002360,523
n002361,445
n002362,479
n002363,297
n002364,446
n002365,179
n002366,560
n002367,519
n002368,501
n002369,106
n002370,376
n002371,238
n002373,391
n002374,298
n002375,188
n002376,276
n002377,271
n002378,372
n002379,393
n002380,309
n002382,416
n002383,530
n002386,287
n002387,467
n002388,421
n002390,272
n002391,477
n002392,304
n002393,206
n002394,293
n002395,233
n002396,397
n002397,583
n002398,294
n002399,215
n002400,519
n002401,310
n002402,308
n002403,441
n002404,356
n002405,309
n002406,421
n002407,394
n002408,462
n002409,457
n002410,266
n002411,328
n002412,378
n002413,324
n002415,268
n002416,324
n002417,200
n002418,318
n002419,458
n002420,399
n002422,429
n002423,337
n002424,184
n002425,476
n002426,525
n002427,428
n002428,327
n002430,279
n002431,436
n002432,340
n002433,155
n002434,229
n002435,290
n002436,310
n002437,351
n002438,496
n002439,251
n002440,413
n002441,204
n002442,341
n002443,362
n002444,462
n002445,136
n002446,292
n002447,551
n002448,466
n002449,404
n002450,430
n002451,333
n002452,499
n002453,318
n002454,543
n002455,229
n002456,304
n002457,341
n002458,320
n002459,359
n002460,400
n002461,355
n002462,559
n002463,484
n002465,349
n002466,282
n002467,415
n002468,398
n002469,342
n002470,226
n002471,482
n002472,267
n002473,365
n002476,582
n002477,194
n002478,503
n002479,455
n002480,339
n002481,328
n002482,178
n002483,439
n002484,480
n002485,267
n002486,362
n002487,390
n002488,337
n002489,498
n002490,300
n002491,246
n002492,366
n002493,249
n002494,380
n002495,285
n002496,215
n002497,419
n002498,505
n002499,400
n002500,392
n002501,454
n002502,595
n002504,376
n002505,447
n002506,392
n002507,522
n002508,350
n002509,349
n002510,354
n002512,427
n002513,196
n002514,286
n002515,307
n002516,463
n002518,341
n002519,322
n002520,498
n002521,333
n002522,581
n002523,260
n002524,250
n002525,522
n002526,426
n002527,276
n002528,429
n002529,223
n002530,345
n002531,328
n002532,439
n002533,472
n002534,254
n002535,248
n002536,337
n002537,606
n002538,599
n002539,430
n002541,372
n002542,287
n002543,235
n002544,307
n002545,552
n002546,419
n002547,640
n002548,359
n002549,495
n002550,369
n002551,202
n002552,535
n002553,404
n002554,532
n002555,215
n002557,531
n002558,345
n002559,177
n002560,522
n002562,329
n002563,302
n002564,233
n002565,313
n002566,321
n002567,333
n002568,499
n002569,437
n002570,355
n002571,448
n002572,558
n002573,442
n002575,367
n002576,361
n002577,498
n002578,445
n002579,354
n002580,159
n002582,359
n002583,318
n002584,468
n002585,371
n002586,430
n002588,444
n002589,260
n002590,246
n002591,406
n002592,452
n002593,275
n002594,405
n002595,470
n002597,378
n002598,298
n002599,364
n002600,218
n002601,309
n002602,318
n002603,498
n002605,347
n002606,390
n002607,301
n002608,517
n002609,325
n002610,201
n002611,413
n002612,466
n002613,232
n002614,282
n002615,253
n002616,258
n002617,433
n002618,523
n002619,337
n002620,281
n002621,522
n002622,466
n002623,327
n002624,384
n002625,238
n002626,369
n002627,412
n002628,420
n002629,280
n002630,473
n002631,348
n002632,513
n002633,412
n002634,223
n002635,337
n002636,353
n002637,328
n002638,386
n002639,389
n002640,531
n002641,426
n002642,254
n002643,307
n002644,692
n002645,326
n002646,356
n002648,521
n002649,363
n002650,293
n002651,312
n002652,295
n002653,307
n002654,595
n002655,291
n002656,261
n002657,332
n002660,280
n002661,445
n002662,220
n002663,313
n002665,336
n002666,262
n002667,419
n002668,523
n002670,408
n002671,440
n002672,383
n002673,433
n002674,253
n002675,483
n002676,167
n002677,381
n002678,571
n002679,473
n002680,251
n002682,279
n002683,270
n002685,404
n002686,292
n002687,249
n002688,281
n002689,437
n002690,130
n002691,338
n002692,497
n002693,253
n002694,361
n002695,483
n002696,347
n002697,294
n002698,174
n002699,360
n002700,338
n002701,271
n002702,353
n002704,329
n002705,392
n002706,385
n002707,265
n002708,326
n002709,320
n002710,402
n002711,408
n002712,306
n002713,311
n002714,353
n002716,320
n002717,311
n002718,317
n002719,448
n002720,442
n002721,210
n002722,314
n002723,505
n002725,406
n002726,235
n002727,390
n002728,279
n002729,373
n002730,467
n002731,219
n002732,532
n002733,311
n002734,252
n002735,246
n002736,409
n002737,379
n002738,459
n002739,352
n002740,251
n002741,567
n002742,376
n002745,387
n002746,711
n002747,497
n002748,494
n002750,308
n002751,340
n002752,338
n002753,303
n002754,211
n002755,217
n002756,236
n002757,190
n002758,406
n002759,512
n002760,335
n002762,203
n002764,182
n002765,285
n002766,420
n002767,364
n002769,220
n002771,405
n002772,390
n002774,306
n002776,261
n002777,407
n002778,438
n002779,481
n002780,461
n002781,463
n002782,514
n002783,397
n002784,481
n002785,466
n002786,427
n002787,204
n002788,279
n002789,551
n002790,245
n002791,187
n002792,430
n002793,102
n002794,326
n002795,237
n002796,203
n002797,208
n002798,393
n002799,347
n002800,345
n002801,279
n002802,431
n002804,386
n002805,376
n002806,371
n002807,301
n002808,237
n002809,352
n002811,308
n002812,321
n002813,320
n002814,387
n002815,525
n002816,248
n002817,274
n002818,197
n002819,178
n002820,262
n002821,245
n002822,376
n002823,312
n002824,190
n002825,343
n002826,210
n002827,326
n002828,439
n002829,356
n002830,363
n002831,489
n002832,195
n002833,238
n002834,382
n002835,283
n002836,304
n002837,406
n002839,328
n002841,236
n002842,591
n002843,314
n002844,436
n002845,204
n002846,181
n002847,276
n002848,394
n002849,291
n002850,359
n002851,269
n002852,362
n002853,411
n002854,439
n002856,284
n002858,339
n002859,163
n002860,282
n002861,137
n002862,481
n002863,263
n002864,404
n002865,450
n002866,179
n002867,264
n002868,330
n002870,352
n002871,372
n002872,445
n002874,376
n002875,214
n002876,261
n002877,255
n002879,387
n002881,494
n002882,445
n002883,450
n002885,566
n002886,597
n002887,335
n002888,625
n002890,268
n002892,455
n002893,343
n002895,337
n002896,323
n002897,412
n002898,312
n002899,294
n002900,374
n002901,287
n002902,375
n002903,302
n002904,141
n002905,287
n002906,237
n002907,252
n002908,230
n002909,536
n002910,481
n002911,356
n002912,172
n002913,246
n002914,338
n002915,413
n002916,281
n002917,416
n002918,130
n002919,458
n002920,397
n002921,400
n002922,317
n002923,478
n002924,257
n002925,372
n002926,349
n002927,395
n002928,335
n002929,470
n002930,389
n002931,142
n002932,275
n002933,435
n002934,231
n002935,442
n002936,229
n002937,295
n002938,288
n002939,339
n002940,388
n002941,369
n002942,504
n002943,309
n002944,370
n002945,392
n002946,367
n002947,572
n002948,276
n002949,307
n002950,457
n002951,277
n002952,352
n002953,248
n002954,418
n002955,438
n002956,277
n002957,372
n002958,272
n002959,334
n002960,399
n002961,201
n002962,424
n002963,489
n002964,240
n002965,461
n002966,397
n002967,380
n002968,299
n002969,341
n002970,471
n002971,428
n002972,299
n002973,353
n002974,479
n002975,384
n002976,324
n002977,331
n002978,297
n002979,261
n002980,366
n002981,206
n002982,480
n002983,227
n002984,417
n002985,392
n002986,369
n002987,490
n002988,464
n002989,418
n002990,348
n002991,257
n002992,441
n002993,384
n002994,459
n002995,333
n002997,405
n002998,463
n002999,469
n003000,433
n003002,368
n003003,407
n003004,431
n003005,347
n003006,386
n003007,394
n003008,320
n003010,211
n003011,261
n003012,271
n003013,497
n003014,387
n003015,449
n003016,356
n003017,222
n003018,237
n003019,338
n003020,299
n003021,567
n003022,340
n003023,238
n003024,267
n003025,437
n003026,327
n003027,476
n003028,368
n003029,422
n003030,685
n003031,281
n003032,359
n003033,368
n003034,216
n003035,525
n003036,322
n003037,299
n003038,227
n003039,341
n003040,480
n003041,170
n003042,405
n003043,343
n003044,319
n003045,317
n003046,342
n003047,507
n003048,520
n003049,244
n003050,295
n003051,278
n003052,110
n003053,280
n003054,362
n003055,435
n003056,275
n003057,322
n003058,401
n003059,310
n003060,312
n003061,286
n003062,189
n003063,476
n003064,311
n003065,486
n003066,412
n003067,397
n003068,312
n003069,336
n003070,441
n003071,340
n003072,454
n003073,507
n003074,385
n003075,224
n003076,541
n003077,320
n003078,332
n003080,353
n003081,257
n003082,314
n003083,347
n003084,122
n003085,366
n003086,401
n003087,329
n003088,324
n003089,271
n003090,320
n003091,210
n003094,264
n003095,287
n003096,378
n003097,289
n003098,453
n003099,269
n003100,331
n003101,428
n003102,469
n003103,289
n003105,117
n003106,315
n003107,562
n003108,329
n003109,459
n003110,395
n003111,371
n003112,263
n003113,215
n003114,367
n003116,250
n003117,508
n003118,165
n003119,297
n003120,415
n003121,515
n003122,279
n003123,433
n003124,463
n003125,200
n003126,585
n003127,203
n003128,380
n003129,398
n003130,344
n003131,318
n003132,455
n003133,308
n003135,403
n003136,489
n003137,394
n003138,444
n003139,446
n003142,414
n003143,272
n003144,294
n003145,312
n003146,490
n003147,301
n003148,497
n003149,285
n003150,302
n003151,516
n003152,298
n003153,509
n003154,408
n003155,436
n003156,192
n003157,356
n003158,293
n003159,409
n003160,260
n003161,412
n003162,470
n003163,464
n003164,242
n003165,123
n003166,195
n003167,538
n003168,248
n003169,362
n003170,515
n003171,320
n003172,340
n003173,391
n003174,397
n003175,308
n003176,394
n003178,468
n003179,474
n003180,303
n003181,561
n003182,552
n003183,458
n003184,370
n003185,303
n003186,357
n003187,399
n003188,323
n003189,220
n003190,328
n003191,308
n003192,319
n003193,215
n003194,269
n003195,240
n003196,225
n003197,523
n003198,445
n003199,343
n003200,343
n003201,293
n003202,272
n003203,368
n003204,441
n003206,530
n003207,253
n003208,113
n003209,441
n003210,552
n003211,440
n003212,394
n003213,378
n003214,565
n003216,391
n003218,323
n003219,359
n003220,367
n003221,292
n003222,378
n003223,383
n003224,376
n003225,386
n003226,362
n003227,227
n003228,279
n003229,383
n003231,335
n003232,456
n003233,220
n003234,204
n003235,372
n003236,236
n003237,388
n003238,305
n003239,523
n003240,263
n003241,435
n003242,479
n003243,335
n003244,341
n003245,345
n003246,285
n003247,468
n003248,143
n003249,258
n003250,332
n003251,321
n003252,414
n003253,415
n003254,400
n003255,323
n003256,364
n003257,434
n003259,418
n003260,271
n003261,244
n003262,442
n003263,383
n003264,350
n003265,496
n003266,447
n003267,310
n003268,213
n003269,321
n003270,292
n003271,401
n003272,422
n003273,389
n003274,408
n003275,248
n003276,392
n003278,379
n003279,403
n003280,389
n003281,429
n003282,323
n003283,414
n003284,489
n003285,410
n003286,439
n003287,501
n003289,280
n003290,427
n003291,418
n003292,397
n003293,440
n003294,234
n003295,414
n003296,244
n003297,332
n003299,362
n003300,277
n003301,245
n003302,373
n003303,575
n003304,309
n003305,528
n003306,432
n003307,375
n003308,441
n003310,349
n003311,403
n003312,321
n003313,214
n003314,254
n003315,490
n003316,584
n003317,245
n003318,244
n003319,526
n003320,253
n003321,253
n003322,485
n003323,457
n003324,583
n003325,501
n003326,215
n003327,466
n003328,299
n003329,207
n003330,342
n003331,318
n003332,167
n003333,255
n003334,549
n003335,511
n003336,391
n003337,341
n003338,432
n003339,300
n003340,394
n003341,334
n003342,439
n003343,486
n003344,533
n003345,291
n003347,329
n003348,460
n003349,507
n003350,512
n003351,385
n003352,406
n003353,420
n003354,264
n003355,470
n003357,272
n003358,471
n003359,323
n003360,477
n003361,241
n003362,359
n003363,445
n003364,351
n003365,541
n003366,458
n003367,219
n003368,338
n003369,302
n003370,471
n003371,368
n003372,278
n003373,467
n003374,603
n003375,215
n003376,318
n003377,297
n003378,520
n003380,431
n003382,338
n003383,548
n003384,436
n003385,451
n003386,312
n003387,245
n003388,300
n003389,488
n003390,210
n003391,336
n003392,603
n003393,263
n003394,299
n003395,495
n003396,471
n003397,281
n003398,269
n003399,320
n003400,306
n003401,441
n003402,288
n003403,325
n003404,334
n003405,252
n003406,287
n003407,349
n003408,346
n003409,326
n003410,255
n003411,461
n003412,292
n003413,370
n003414,303
n003416,418
n003417,197
n003418,232
n003419,341
n003420,303
n003421,395
n003422,290
n003423,342
n003424,343
n003425,450
n003426,291
n003427,154
n003428,369
n003429,509
n003431,303
n003432,248
n003433,331
n003434,431
n003435,313
n003437,212
n003438,434
n003439,422
n003440,367
n003441,321
n003442,217
n003443,385
n003444,393
n003445,376
n003446,278
n003447,304
n003448,388
n003449,321
n003450,377
n003451,238
n003452,288
n003453,615
n003454,261
n003455,276
n003456,225
n003457,199
n003458,162
n003459,445
n003460,415
n003462,311
n003463,337
n003464,237
n003465,387
n003466,421
n003467,162
n003469,323
n003470,496
n003471,229
n003472,126
n003473,196
n003474,415
n003475,558
n003476,571
n003477,221
n003478,629
n003479,272
n003481,426
n003482,425
n003483,266
n003484,525
n003485,553
n003486,439
n003487,436
n003488,523
n003489,288
n003491,202
n003492,449
n003493,267
n003494,351
n003495,482
n003496,351
n003497,338
n003498,473
n003499,370
n003500,482
n003501,419
n003502,392
n003503,263
n003504,438
n003505,265
n003506,439
n003507,345
n003508,399
n003509,353
n003510,357
n003511,253
n003512,326
n003514,305
n003515,261
n003516,455
n003517,364
n003518,310
n003519,250
n003520,503
n003521,408
n003522,241
n003523,510
n003524,405
n003525,455
n003526,298
n003527,500
n003528,472
n003529,263
n003530,202
n003531,446
n003532,443
n003533,307
n003534,215
n003536,210
n003537,414
n003538,285
n003539,203
n003541,456
n003542,446
n003543,254
n003544,252
n003545,303
n003546,305
n003547,396
n003548,241
n003549,345
n003550,264
n003551,338
n003552,274
n003553,458
n003555,359
n003556,292
n003557,370
n003558,204
n003559,382
n003560,286
n003561,244
n003562,210
n003563,260
n003564,469
n003565,513
n003566,116
n003567,347
n003568,365
n003569,370
n003571,288
n003572,326
n003573,219
n003574,269
n003575,187
n003576,288
n003577,302
n003578,296
n003579,270
n003580,429
n003581,498
n003582,243
n003583,535
n003584,340
n003585,323
n003586,493
n003587,510
n003588,340
n003590,227
n003591,337
n003593,257
n003594,405
n003595,294
n003596,290
n003597,317
n003598,457
n003599,314
n003600,214
n003601,403
n003602,430
n003603,340
n003604,449
n003605,507
n003607,142
n003608,272
n003609,164
n003610,353
n003612,209
n003613,415
n003614,381
n003615,580
n003616,531
n003617,520
n003618,371
n003619,452
n003620,472
n003621,229
n003622,375
n003623,419
n003624,465
n003625,294
n003626,417
n003627,185
n003628,397
n003629,272
n003630,464
n003631,301
n003632,462
n003633,218
n003634,382
n003636,343
n003637,441
n003638,318
n003639,362
n003640,178
n003641,460
n003642,187
n003643,201
n003644,214
n003645,338
n003646,462
n003647,446
n003648,296
n003649,408
n003650,451
n003651,543
n003652,240
n003654,311
n003655,218
n003656,374
n003657,315
n003658,593
n003659,271
n003660,471
n003661,218
n003663,383
n003664,261
n003666,205
n003667,406
n003668,335
n003669,360
n003670,353
n003671,268
n003672,455
n003673,415
n003674,360
n003676,391
n003677,378
n003678,327
n003679,339
n003680,561
n003681,289
n003682,383
n003683,346
n003684,239
n003685,481
n003686,279
n003687,336
n003688,342
n003689,329
n003690,344
n003691,396
n003692,387
n003693,518
n003694,480
n003695,451
n003696,187
n003697,208
n003698,208
n003699,166
n003700,389
n003701,503
n003702,306
n003703,343
n003704,408
n003705,212
n003706,497
n003707,201
n003708,338
n003709,444
n003710,267
n003711,179
n003712,662
n003713,291
n003714,464
n003715,484
n003716,539
n003717,281
n003718,259
n003719,417
n003720,378
n003721,215
n003722,414
n003723,323
n003724,516
n003726,535
n003727,428
n003729,445
n003730,270
n003731,326
n003732,208
n003733,287
n003734,330
n003735,545
n003736,408
n003737,350
n003738,411
n003739,325
n003740,316
n003741,363
n003742,411
n003743,245
n003744,335
n003745,328
n003746,592
n003747,418
n003748,409
n003749,345
n003750,382
n003751,360
n003752,237
n003753,352
n003754,404
n003755,237
n003756,376
n003757,414
n003758,431
n003759,264
n003760,392
n003761,351
n003762,249
n003763,431
n003764,462
n003766,355
n003767,331
n003768,424
n003769,527
n003770,228
n003771,239
n003772,424
n003773,494
n003774,336
n003776,537
n003777,451
n003778,381
n003779,370
n003780,406
n003781,274
n003782,216
n003783,284
n003784,553
n003785,452
n003787,431
n003788,486
n003789,468
n003790,328
n003791,246
n003792,385
n003793,345
n003794,311
n003795,407
n003796,417
n003797,243
n003798,207
n003799,544
n003800,437
n003801,252
n003802,140
n003803,497
n003805,282
n003806,329
n003807,272
n003808,436
n003809,202
n003810,264
n003811,325
n003812,361
n003813,294
n003814,360
n003815,517
n003816,426
n003817,583
n003818,352
n003819,621
n003820,396
n003821,428
n003822,503
n003823,300
n003824,346
n003825,328
n003826,332
n003827,216
n003828,343
n003829,406
n003830,158
n003831,597
n003832,490
n003833,293
n003834,426
n003835,336
n003837,335
n003838,533
n003839,326
n003840,347
n003841,319
n003842,278
n003843,404
n003844,319
n003845,183
n003846,484
n003847,274
n003848,326
n003849,449
n003850,349
n003851,203
n003852,280
n003853,341
n003854,418
n003855,406
n003856,489
n003857,391
n003858,382
n003859,210
n003860,493
n003861,221
n003862,508
n003863,472
n003864,411
n003865,501
n003866,449
n003867,237
n003868,353
n003869,253
n003870,477
n003871,356
n003872,357
n003874,364
n003875,398
n003876,373
n003877,470
n003878,258
n003879,401
n003880,358
n003882,301
n003883,423
n003884,353
n003885,442
n003886,565
n003887,359
n003888,281
n003889,273
n003890,238
n003891,292
n003892,141
n003893,306
n003895,555
n003897,541
n003898,227
n003899,444
n003900,331
n003901,249
n003902,260
n003903,332
n003904,469
n003905,485
n003906,404
n003907,201
n003908,568
n003909,266
n003910,349
n003911,405
n003912,553
n003913,501
n003914,263
n003915,226
n003916,359
n003918,387
n003919,526
n003920,220
n003921,412
n003922,380
n003923,583
n003924,520
n003925,272
n003926,262
n003927,277
n003928,358
n003929,327
n003930,325
n003931,442
n003932,368
n003933,300
n003934,244
n003935,306
n003936,330
n003937,457
n003938,506
n003939,398
n003940,396
n003941,425
n003942,298
n003943,376
n003944,414
n003945,309
n003946,460
n003947,312
n003948,319
n003949,336
n003950,364
n003951,334
n003952,330
n003953,314
n003954,321
n003955,361
n003956,421
n003957,383
n003959,413
n003960,492
n003961,208
n003962,506
n003963,246
n003964,223
n003965,521
n003966,316
n003967,444
n003968,544
n003969,414
n003970,245
n003971,157
n003972,457
n003973,527
n003974,329
n003975,409
n003976,218
n003977,615
n003978,212
n003979,535
n003980,473
n003981,380
n003982,468
n003983,445
n003984,336
n003985,357
n003986,476
n003987,282
n003988,617
n003989,353
n003990,358
n003991,407
n003992,244
n003993,525
n003994,207
n003995,572
n003996,205
n003997,232
n003998,504
n003999,297
n004000,435
n004001,512
n004002,358
n004003,243
n004004,336
n004005,460
n004006,178
n004008,328
n004009,322
n004011,126
n004012,307
n004013,392
n004014,371
n004015,218
n004016,452
n004017,345
n004018,287
n004019,366
n004020,272
n004021,392
n004022,161
n004023,479
n004024,191
n004025,350
n004026,488
n004027,360
n004028,261
n004030,372
n004031,181
n004032,374
n004033,325
n004034,386
n004035,272
n004036,388
n004037,396
n004038,590
n004039,222
n004040,492
n004041,259
n004042,656
n004043,479
n004044,350
n004045,582
n004046,497
n004047,226
n004048,490
n004049,456
n004051,254
n004052,525
n004053,485
n004054,402
n004055,187
n004056,422
n004057,308
n004058,367
n004059,246
n004060,388
n004061,486
n004062,375
n004063,364
n004065,336
n004066,400
n004067,213
n004069,392
n004071,319
n004072,466
n004073,437
n004074,269
n004075,371
n004076,376
n004077,278
n004079,422
n004080,321
n004081,356
n004082,237
n004083,354
n004084,316
n004087,320
n004088,359
n004089,293
n004090,374
n004091,208
n004092,392
n004093,635
n004094,328
n004095,324
n004096,270
n004097,644
n004098,331
n004099,308
n004100,347
n004101,409
n004102,387
n004103,256
n004104,359
n004105,441
n004106,415
n004107,364
n004108,420
n004109,397
n004110,447
n004111,506
n004112,139
n004113,354
n004114,378
n004115,376
n004116,226
n004117,297
n004119,482
n004120,500
n004121,396
n004124,541
n004125,433
n004126,380
n004127,277
n004128,391
n004129,424
n004130,341
n004131,383
n004132,375
n004133,339
n004134,403
n004135,332
n004136,350
n004137,160
n004138,287
n004139,343
n004140,224
n004141,449
n004142,639
n004143,441
n004144,557
n004145,459
n004146,315
n004147,334
n004148,220
n004149,452
n004150,509
n004151,537
n004152,615
n004153,411
n004154,480
n004155,290
n004156,377
n004158,462
n004159,457
n004160,366
n004161,399
n004162,360
n004163,365
n004164,287
n004165,350
n004166,331
n004167,401
n004168,559
n004169,360
n004170,391
n004171,366
n004172,362
n004173,462
n004174,405
n004175,296
n004176,369
n004177,330
n004178,568
n004179,402
n004181,359
n004182,456
n004183,333
n004184,275
n004185,423
n004186,146
n004187,526
n004188,376
n004189,382
n004190,338
n004191,484
n004192,386
n004193,492
n004194,414
n004195,333
n004196,240
n004197,365
n004198,517
n004201,406
n004202,326
n004203,490
n004204,347
n004205,310
n004206,405
n004209,504
n004210,439
n004211,259
n004212,342
n004213,305
n004214,362
n004215,495
n004216,596
n004217,197
n004218,428
n004220,460
n004221,316
n004222,435
n004223,312
n004224,212
n004225,230
n004226,392
n004227,487
n004228,221
n004229,334
n004230,380
n004231,536
n004232,299
n004234,367
n004235,355
n004236,351
n004237,455
n004238,319
n004241,243
n004242,224
n004244,407
n004245,225
n004246,227
n004247,279
n004248,334
n004249,373
n004250,220
n004251,508
n004252,507
n004253,302
n004254,322
n004255,375
n004256,392
n004257,560
n004258,249
n004259,203
n004260,257
n004261,281
n004262,370
n004263,446
n004264,368
n004265,610
n004266,336
n004267,298
n004268,453
n004269,417
n004270,699
n004271,216
n004272,361
n004273,453
n004274,400
n004276,310
n004277,292
n004278,429
n004279,382
n004280,346
n004282,284
n004283,342
n004284,147
n004285,375
n004286,398
n004287,443
n004288,457
n004290,605
n004291,314
n004292,346
n004293,236
n004294,500
n004295,449
n004296,252
n004297,361
n004299,455
n004300,246
n004301,447
n004302,253
n004303,359
n004304,437
n004305,295
n004306,242
n004307,254
n004308,441
n004309,384
n004310,342
n004311,269
n004312,374
n004313,392
n004314,437
n004315,244
n004316,315
n004317,435
n004318,335
n004319,311
n004320,486
n004321,439
n004322,241
n004323,260
n004324,448
n004325,364
n004326,346
n004327,421
n004328,331
n004329,326
n004330,264
n004331,429
n004332,399
n004334,296
n004335,202
n004336,269
n004337,541
n004339,265
n004340,214
n004341,305
n004342,356
n004343,325
n004344,389
n004345,281
n004347,315
n004348,464
n004349,444
n004350,406
n004351,446
n004352,367
n004354,306
n004355,315
n004356,533
n004358,362
n004359,427
n004360,298
n004361,389
n004362,295
n004363,320
n004364,369
n004365,503
n004367,367
n004368,362
n004369,401
n004370,380
n004371,452
n004373,665
n004374,391
n004375,515
n004376,286
n004377,245
n004378,305
n004379,311
n004381,438
n004382,352
n004383,362
n004384,289
n004385,392
n004386,458
n004388,212
n004389,215
n004390,377
n004391,514
n004392,534
n004393,331
n004395,329
n004396,348
n004397,385
n004398,428
n004399,479
n004401,444
n004402,305
n004403,247
n004404,200
n004405,330
n004406,375
n004407,619
n004408,549
n004409,337
n004410,456
n004412,477
n004413,495
n004414,493
n004415,450
n004416,406
n004417,261
n004418,591
n004419,315
n004420,367
n004421,319
n004422,582
n004423,106
n004425,372
n004426,494
n004427,284
n004428,415
n004429,413
n004430,271
n004431,392
n004432,350
n004433,343
n004434,120
n004435,213
n004436,279
n004437,247
n004438,211
n004439,600
n004441,306
n004442,464
n004443,577
n004444,370
n004445,347
n004446,467
n004447,434
n004448,355
n004450,325
n004451,263
n004452,421
n004453,149
n004454,292
n004455,322
n004456,395
n004457,566
n004458,136
n004459,360
n004460,358
n004462,314
n004463,124
n004464,412
n004465,367
n004466,276
n004467,488
n004468,186
n004470,448
n004471,477
n004472,364
n004473,480
n004474,263
n004475,411
n004476,449
n004477,347
n004478,398
n004479,403
n004480,383
n004481,422
n004483,412
n004484,293
n004485,483
n004487,498
n004488,493
n004489,515
n004490,553
n004491,331
n004492,353
n004493,516
n004494,351
n004495,153
n004496,237
n004497,402
n004498,316
n004499,336
n004500,425
n004501,237
n004502,380
n004503,333
n004504,376
n004505,466
n004506,371
n004507,509
n004508,610
n004509,369
n004510,576
n004511,481
n004512,406
n004513,249
n004514,281
n004515,426
n004516,327
n004517,433
n004518,425
n004519,252
n004520,229
n004521,416
n004522,309
n004523,394
n004524,211
n004525,444
n004526,300
n004527,312
n004528,558
n004529,321
n004530,334
n004531,216
n004532,204
n004533,607
n004534,278
n004536,396
n004537,414
n004538,460
n004539,287
n004540,220
n004541,390
n004542,498
n004543,676
n004544,328
n004545,135
n004546,241
n004547,363
n004548,474
n004549,513
n004550,529
n004551,362
n004552,237
n004553,438
n004554,383
n004556,170
n004557,226
n004558,316
n004559,546
n004560,433
n004561,567
n004562,463
n004564,349
n004565,590
n004566,302
n004567,364
n004568,426
n004569,465
n004570,236
n004571,306
n004572,417
n004573,200
n004574,165
n004575,418
n004576,469
n004577,179
n004578,324
n004579,218
n004581,229
n004582,399
n004583,253
n004584,154
n004585,302
n004587,378
n004589,689
n004590,338
n004591,564
n004592,344
n004593,359
n004594,377
n004595,300
n004596,292
n004597,381
n004598,537
n004599,360
n004600,295
n004601,344
n004602,424
n004603,437
n004604,336
n004605,425
n004606,222
n004607,328
n004608,377
n004609,193
n004610,669
n004611,215
n004612,369
n004613,364
n004614,300
n004615,698
n004616,484
n004617,618
n004618,342
n004620,499
n004621,261
n004622,328
n004623,445
n004624,213
n004625,218
n004627,397
n004628,351
n004629,431
n004630,347
n004631,171
n004632,245
n004633,395
n004636,334
n004637,308
n004638,236
n004639,405
n004640,497
n004641,449
n004642,204
n004643,464
n004644,386
n004645,254
n004646,448
n004647,510
n004648,426
n004649,306
n004650,347
n004651,541
n004653,462
n004654,486
n004656,602
n004657,403
n004659,473
n004664,311
n004665,251
n004666,532
n004667,412
n004668,395
n004669,236
n004670,218
n004671,286
n004672,459
n004673,147
n004674,340
n004675,297
n004676,473
n004677,401
n004680,253
n004681,467
n004682,263
n004683,431
n004684,361
n004685,215
n004686,531
n004687,395
n004688,493
n004689,385
n004690,421
n004691,221
n004692,154
n004693,541
n004694,128
n004695,563
n004696,218
n004697,412
n004698,204
n004699,257
n004700,425
n004701,331
n004702,357
n004703,611
n004704,262
n004705,229
n004706,373
n004707,197
n004708,208
n004710,387
n004711,396
n004713,430
n004714,477
n004715,255
n004716,153
n004717,345
n004718,568
n004720,514
n004721,356
n004722,305
n004724,469
n004725,300
n004726,260
n004727,345
n004728,375
n004729,470
n004730,431
n004731,382
n004732,350
n004733,229
n004734,342
n004735,444
n004736,421
n004737,525
n004739,318
n004740,459
n004741,364
n004742,457
n004744,427
n004745,489
n004746,301
n004747,406
n004748,368
n004749,270
n004750,402
n004751,255
n004752,172
n004753,461
n004754,369
n004755,377
n004757,222
n004758,336
n004759,366
n004760,268
n004761,483
n004762,413
n004763,451
n004764,460
n004765,341
n004766,179
n004767,222
n004768,240
n004769,384
n004770,276
n004772,188
n004773,507
n004774,352
n004775,247
n004776,279
n004777,310
n004778,275
n004779,296
n004780,358
n004781,464
n004782,485
n004783,331
n004784,364
n004785,513
n004786,381
n004787,525
n004790,372
n004791,405
n004792,399
n004794,480
n004796,247
n004797,405
n004799,359
n004800,604
n004802,421
n004804,398
n004805,286
n004806,814
n004807,375
n004808,401
n004809,405
n004810,425
n004814,268
n004816,305
n004817,209
n004818,285
n004819,365
n004820,609
n004821,377
n004822,387
n004823,426
n004824,294
n004825,485
n004827,355
n004828,208
n004829,412
n004830,482
n004831,654
n004832,304
n004833,247
n004834,419
n004835,455
n004836,204
n004837,271
n004838,360
n004839,302
n004840,315
n004841,329
n004842,338
n004843,606
n004844,654
n004845,284
n004846,458
n004847,375
n004848,298
n004849,399
n004851,453
n004852,292
n004853,220
n004854,352
n004855,340
n004856,300
n004857,355
n004858,338
n004859,468
n004860,259
n004861,223
n004862,384
n004863,324
n004864,393
n004865,269
n004866,354
n004867,314
n004868,488
n004869,342
n004870,235
n004871,476
n004872,368
n004873,317
n004874,393
n004875,322
n004876,360
n004877,226
n004878,481
n004879,406
n004880,414
n004881,492
n004882,364
n004883,215
n004884,442
n004886,206
n004887,391
n004888,521
n004889,557
n004890,249
n004892,137
n004893,415
n004894,432
n004895,349
n004896,369
n004897,361
n004899,289
n004900,429
n004901,342
n004902,475
n004903,375
n004904,490
n004906,360
n004907,353
n004908,491
n004909,320
n004910,309
n004912,280
n004913,628
n004914,217
n004916,450
n004917,355
n004918,310
n004919,436
n004921,188
n004922,364
n004923,222
n004924,418
n004926,343
n004927,391
n004928,389
n004929,430
n004930,285
n004931,210
n004932,271
n004933,411
n004934,305
n004935,451
n004936,680
n004937,322
n004938,446
n004939,323
n004940,527
n004941,292
n004942,400
n004943,345
n004944,415
n004946,244
n004947,379
n004948,451
n004949,541
n004950,333
n004951,465
n004952,413
n004953,423
n004954,335
n004955,218
n004956,296
n004957,584
n004958,212
n004959,451
n004960,360
n004961,305
n004962,319
n004963,393
n004964,265
n004965,373
n004966,300
n004967,444
n004968,401
n004969,347
n004970,341
n004971,354
n004972,360
n004973,388
n004974,230
n004975,309
n004976,412
n004977,418
n004978,446
n004979,503
n004980,399
n004981,341
n004982,311
n004983,237
n004984,533
n004985,278
n004986,364
n004987,425
n004988,495
n004989,304
n004990,487
n004991,346
n004992,504
n004993,386
n004994,470
n004995,282
n004996,360
n004997,345
n004998,477
n005000,278
n005001,426
n005002,224
n005003,492
n005004,320
n005005,441
n005006,237
n005007,454
n005008,217
n005009,440
n005010,505
n005011,487
n005012,379
n005013,420
n005014,505
n005015,647
n005016,376
n005017,514
n005018,676
n005019,469
n005020,348
n005021,373
n005022,577
n005023,264
n005024,392
n005025,305
n005026,439
n005027,351
n005028,302
n005029,354
n005030,424
n005031,449
n005032,299
n005033,269
n005034,404
n005035,304
n005036,426
n005037,332
n005038,310
n005039,349
n005040,207
n005041,191
n005042,323
n005043,367
n005044,197
n005045,363
n005046,374
n005047,371
n005048,294
n005050,370
n005051,227
n005052,314
n005053,539
n005054,408
n005055,382
n005056,408
n005057,483
n005058,399
n005059,393
n005060,392
n005061,308
n005062,354
n005063,248
n005064,335
n005065,397
n005066,370
n005067,385
n005069,418
n005070,326
n005071,324
n005072,357
n005074,365
n005075,383
n005076,348
n005077,299
n005078,447
n005079,370
n005080,579
n005081,457
n005082,535
n005083,302
n005084,441
n005085,464
n005086,530
n005087,418
n005089,696
n005090,376
n005091,233
n005092,433
n005093,301
n005094,473
n005095,450
n005096,335
n005097,304
n005098,384
n005099,308
n005100,269
n005102,349
n005103,488
n005105,324
n005106,363
n005107,281
n005108,231
n005109,264
n005110,418
n005111,266
n005113,287
n005115,517
n005116,407
n005117,319
n005118,246
n005119,403
n005121,361
n005124,525
n005125,650
n005126,367
n005127,324
n005128,328
n005129,519
n005130,395
n005131,293
n005132,364
n005133,352
n005134,373
n005138,462
n005139,375
n005140,335
n005141,419
n005142,519
n005143,108
n005144,214
n005146,273
n005147,438
n005149,391
n005150,289
n005151,373
n005152,339
n005153,475
n005158,371
n005160,230
n005161,285
n005162,463
n005163,273
n005164,580
n005165,197
n005166,209
n005167,536
n005168,452
n005169,346
n005170,366
n005171,216
n005172,330
n005173,333
n005174,206
n005175,649
n005176,620
n005177,215
n005178,347
n005180,589
n005182,293
n005183,260
n005184,250
n005185,255
n005186,327
n005187,321
n005189,290
n005190,425
n005191,606
n005192,162
n005193,115
n005194,325
n005195,311
n005196,417
n005197,401
n005198,424
n005199,271
n005200,409
n005201,274
n005202,443
n005203,342
n005204,427
n005205,388
n005206,516
n005207,364
n005208,373
n005209,218
n005210,369
n005211,318
n005212,395
n005213,406
n005214,177
n005215,305
n005216,323
n005217,380
n005218,343
n005219,591
n005220,215
n005221,393
n005222,365
n005223,430
n005224,287
n005227,526
n005228,438
n005229,332
n005230,359
n005231,333
n005232,286
n005234,381
n005235,349
n005236,342
n005237,235
n005238,350
n005239,385
n005240,466
n005241,232
n005242,375
n005243,261
n005244,322
n005245,329
n005246,320
n005247,349
n005248,318
n005249,619
n005250,339
n005251,424
n005252,328
n005253,391
n005254,452
n005255,282
n005256,231
n005257,293
n005258,285
n005259,341
n005260,305
n005261,220
n005262,491
n005263,405
n005264,420
n005266,515
n005267,278
n005268,322
n005269,529
n005270,476
n005271,299
n005272,303
n005273,361
n005274,283
n005275,386
n005276,280
n005277,517
n005278,309
n005279,522
n005281,264
n005283,534
n005284,302
n005285,463
n005286,239
n005287,416
n005288,325
n005289,370
n005290,491
n005291,337
n005292,593
n005293,277
n005295,425
n005296,320
n005297,398
n005298,354
n005299,400
n005300,390
n005302,372
n005304,274
n005305,571
n005307,443
n005308,146
n005309,333
n005310,360
n005311,425
n005313,403
n005314,407
n005315,235
n005317,285
n005318,588
n005320,419
n005321,239
n005322,359
n005323,493
n005324,272
n005325,301
n005327,300
n005329,219
n005330,412
n005331,341
n005332,276
n005333,374
n005335,503
n005336,332
n005337,392
n005338,585
n005339,336
n005341,470
n005342,484
n005343,510
n005344,147
n005345,475
n005346,394
n005348,372
n005349,398
n005350,372
n005351,197
n005352,228
n005353,314
n005354,173
n005355,318
n005356,394
n005357,334
n005358,341
n005360,322
n005361,342
n005362,452
n005363,329
n005364,519
n005365,249
n005366,386
n005367,399
n005368,281
n005369,419
n005370,248
n005371,414
n005372,247
n005374,275
n005375,388
n005376,431
n005378,443
n005379,295
n005381,311
n005382,341
n005383,447
n005384,520
n005385,309
n005386,352
n005387,357
n005388,250
n005389,284
n005390,484
n005391,336
n005392,418
n005393,218
n005394,384
n005395,502
n005396,599
n005397,392
n005398,349
n005399,292
n005400,437
n005401,446
n005402,436
n005403,278
n005404,229
n005405,224
n005406,390
n005407,228
n005408,524
n005409,383
n005410,435
n005411,367
n005412,480
n005413,605
n005414,557
n005415,620
n005416,536
n005418,521
n005419,572
n005420,550
n005421,306
n005422,222
n005423,485
n005424,381
n005426,466
n005428,271
n005429,311
n005430,383
n005431,414
n005432,491
n005433,458
n005434,167
n005435,274
n005436,416
n005437,443
n005438,193
n005439,123
n005440,364
n005441,420
n005442,585
n005443,468
n005444,261
n005445,454
n005446,415
n005447,423
n005449,657
n005450,245
n005451,346
n005452,481
n005453,406
n005454,347
n005455,393
n005456,491
n005457,392
n005459,377
n005460,472
n005461,469
n005462,285
n005463,389
n005464,589
n005465,290
n005466,329
n005467,406
n005468,394
n005469,445
n005470,313
n005471,398
n005472,180
n005475,536
n005476,470
n005477,406
n005478,360
n005479,441
n005480,349
n005481,393
n005482,336
n005483,599
n005484,349
n005485,447
n005486,246
n005487,395
n005488,259
n005489,498
n005491,536
n005492,217
n005493,577
n005494,203
n005495,480
n005496,520
n005497,428
n005498,267
n005499,390
n005500,218
n005501,477
n005502,357
n005503,360
n005504,313
n005505,263
n005506,415
n005507,427
n005508,451
n005509,384
n005510,264
n005511,283
n005512,333
n005514,450
n005515,204
n005516,367
n005517,321
n005518,455
n005519,406
n005520,290
n005521,133
n005522,438
n005523,367
n005524,267
n005525,391
n005526,370
n005527,382
n005528,252
n005529,210
n005530,309
n005531,314
n005532,450
n005533,572
n005534,430
n005535,272
n005536,259
n005537,316
n005538,471
n005539,404
n005540,381
n005541,499
n005542,354
n005543,468
n005544,297
n005545,295
n005546,343
n005547,274
n005548,542
n005549,292
n005550,275
n005551,336
n005553,530
n005554,355
n005555,334
n005556,332
n005557,376
n005558,266
n005559,220
n005560,469
n005561,222
n005562,435
n005563,312
n005566,434
n005567,465
n005568,462
n005569,300
n005570,304
n005571,435
n005572,300
n005573,333
n005574,368
n005575,481
n005576,294
n005578,405
n005579,402
n005580,314
n005581,301
n005582,260
n005583,520
n005584,386
n005585,495
n005586,366
n005587,321
n005588,460
n005589,409
n005590,350
n005592,406
n005593,453
n005594,288
n005595,538
n005596,350
n005597,205
n005598,391
n005599,428
n005600,436
n005601,215
n005602,353
n005604,330
n005605,458
n005606,308
n005608,341
n005609,536
n005610,453
n005611,493
n005613,241
n005614,316
n005615,388
n005616,464
n005617,399
n005618,437
n005620,398
n005622,420
n005624,412
n005625,253
n005626,243
n005627,306
n005628,407
n005629,292
n005631,329
n005632,419
n005634,399
n005635,272
n005637,351
n005638,459
n005640,453
n005641,389
n005642,335
n005643,557
n005644,371
n005645,422
n005646,309
n005647,374
n005649,362
n005650,481
n005651,481
n005654,442
n005655,162
n005656,307
n005657,467
n005658,354
n005659,301
n005660,363
n005661,467
n005662,488
n005663,401
n005665,435
n005667,356
n005669,384
n005671,446
n005672,381
n005673,256
n005674,516
n005675,305
n005676,294
n005677,523
n005678,264
n005679,290
n005681,378
n005682,434
n005683,303
n005684,348
n005685,255
n005686,229
n005687,211
n005688,389
n005689,177
n005690,315
n005691,286
n005692,237
n005694,230
n005696,336
n005697,400
n005698,228
n005699,267
n005700,217
n005701,414
n005702,318
n005703,307
n005704,214
n005705,341
n005707,270
n005708,463
n005710,291
n005711,302
n005712,368
n005713,516
n005714,267
n005715,296
n005716,369
n005717,364
n005718,410
n005719,366
n005720,371
n005721,490
n005722,269
n005724,274
n005725,318
n005727,199
n005728,164
n005729,332
n005731,341
n005732,477
n005733,328
n005734,269
n005735,316
n005736,316
n005737,460
n005738,545
n005739,263
n005740,365
n005741,288
n005742,326
n005743,453
n005744,220
n005745,467
n005746,283
n005747,533
n005749,238
n005750,374
n005751,549
n005752,407
n005753,438
n005754,242
n005756,256
n005757,316
n005759,456
n005760,223
n005761,502
n005763,357
n005765,335
n005766,329
n005767,489
n005768,267
n005769,360
n005770,447
n005771,390
n005772,135
n005773,314
n005774,340
n005775,392
n005777,147
n005778,277
n005779,589
n005780,487
n005782,522
n005783,457
n005785,250
n005787,421
n005788,304
n005789,421
n005790,260
n005791,336
n005792,463
n005793,308
n005795,277
n005796,226
n005797,382
n005798,127
n005800,173
n005801,303
n005802,250
n005803,430
n005804,277
n005805,282
n005806,373
n005807,309
n005808,229
n005809,514
n005810,291
n005811,234
n005812,334
n005813,313
n005814,568
n005815,433
n005816,278
n005817,267
n005818,262
n005819,125
n005820,440
n005821,352
n005822,284
n005823,207
n005825,333
n005826,342
n005827,354
n005828,518
n005829,580
n005830,422
n005834,265
n005835,220
n005836,355
n005837,390
n005838,281
n005839,403
n005840,370
n005841,269
n005842,352
n005843,426
n005844,176
n005845,207
n005846,399
n005847,316
n005848,366
n005849,356
n005850,374
n005851,139
n005852,409
n005853,270
n005854,364
n005855,510
n005857,346
n005858,247
n005859,359
n005860,381
n005861,300
n005862,274
n005863,380
n005865,290
n005866,314
n005867,243
n005868,399
n005869,439
n005870,195
n005871,275
n005873,282
n005874,324
n005875,319
n005876,369
n005877,327
n005878,316
n005879,300
n005880,381
n005881,294
n005882,305
n005883,322
n005884,424
n005885,214
n005886,339
n005887,348
n005888,326
n005889,240
n005890,363
n005891,477
n005892,423
n005893,209
n005894,299
n005895,395
n005896,207
n005897,353
n005898,611
n005899,213
n005900,495
n005901,588
n005902,484
n005903,403
n005904,469
n005905,339
n005906,402
n005907,269
n005908,362
n005909,361
n005910,320
n005911,209
n005912,391
n005913,378
n005914,489
n005916,346
n005917,343
n005918,386
n005919,333
n005920,345
n005921,370
n005922,304
n005923,411
n005924,239
n005925,458
n005926,351
n005927,332
n005928,196
n005929,337
n005930,342
n005931,467
n005932,418
n005933,420
n005934,417
n005935,216
n005936,290
n005937,425
n005938,452
n005939,249
n005940,423
n005941,354
n005942,302
n005943,320
n005944,405
n005945,356
n005946,438
n005947,346
n005948,414
n005949,464
n005950,216
n005951,438
n005952,359
n005953,531
n005954,283
n005955,249
n005957,355
n005958,337
n005959,243
n005960,268
n005961,418
n005962,495
n005965,305
n005966,479
n005967,411
n005968,239
n005969,256
n005970,318
n005971,454
n005972,373
n005974,151
n005975,294
n005976,416
n005977,463
n005978,204
n005979,252
n005980,324
n005981,251
n005982,580
n005983,411
n005984,297
n005985,536
n005986,368
n005987,379
n005988,421
n005989,393
n005990,316
n005991,277
n005992,437
n005993,356
n005995,233
n005996,339
n005997,397
n005998,299
n005999,393
n006000,299
n006001,548
n006002,433
n006003,316
n006004,372
n006005,472
n006006,441
n006007,318
n006008,299
n006009,383
n006010,342
n006011,636
n006012,501
n006013,420
n006014,160
n006015,372
n006016,482
n006017,525
n006018,320
n006019,512
n006020,465
n006021,269
n006022,442
n006023,449
n006024,369
n006025,388
n006026,376
n006027,279
n006028,357
n006029,301
n006030,127
n006031,297
n006032,340
n006033,398
n006034,431
n006035,481
n006036,277
n006037,451
n006038,434
n006039,255
n006040,352
n006041,223
n006042,261
n006043,234
n006044,234
n006045,485
n006047,388
n006048,370
n006049,424
n006050,449
n006051,315
n006052,279
n006054,260
n006055,424
n006056,259
n006057,460
n006058,355
n006059,298
n006060,349
n006061,313
n006062,298
n006063,286
n006064,215
n006065,371
n006066,263
n006067,258
n006068,408
n006069,473
n006070,338
n006071,259
n006072,456
n006073,288
n006074,369
n006075,338
n006076,245
n006077,282
n006078,351
n006079,384
n006080,213
n006081,252
n006082,209
n006083,265
n006084,345
n006085,391
n006086,394
n006087,462
n006088,456
n006089,293
n006090,191
n006091,334
n006092,122
n006093,487
n006094,456
n006095,433
n006096,238
n006098,335
n006099,297
n006100,209
n006101,336
n006102,332
n006103,401
n006104,332
n006105,126
n006106,240
n006107,281
n006108,433
n006109,192
n006110,377
n006111,345
n006112,342
n006113,321
n006114,293
n006115,380
n006116,243
n006117,342
n006118,412
n006119,320
n006120,245
n006121,454
n006122,293
n006124,223
n006125,299
n006126,435
n006127,380
n006128,144
n006129,372
n006130,493
n006131,322
n006132,255
n006133,412
n006135,393
n006136,104
n006137,476
n006138,501
n006139,517
n006140,372
n006141,496
n006142,431
n006143,256
n006144,387
n006145,374
n006146,242
n006147,359
n006148,387
n006149,233
n006150,278
n006151,278
n006152,350
n006153,527
n006154,275
n006155,403
n006156,474
n006157,509
n006158,234
n006159,263
n006160,456
n006161,338
n006162,438
n006163,352
n006164,458
n006165,427
n006166,299
n006167,367
n006169,335
n006170,216
n006171,346
n006172,430
n006173,425
n006174,378
n006175,284
n006176,163
n006177,492
n006178,313
n006179,415
n006180,328
n006181,334
n006182,321
n006183,456
n006184,387
n006185,353
n006186,332
n006187,397
n006188,321
n006189,238
n006190,309
n006191,354
n006192,332
n006193,373
n006194,445
n006195,445
n006196,204
n006197,507
n006198,280
n006199,201
n006200,255
n006201,270
n006202,418
n006203,331
n006204,234
n006205,414
n006206,282
n006207,205
n006209,287
n006210,296
n006212,265
n006213,213
n006214,564
n006215,153
n006216,292
n006217,332
n006218,268
n006219,298
n006220,486
n006221,546
n006222,273
n006223,341
n006224,227
n006225,189
n006226,315
n006227,402
n006228,379
n006229,378
n006230,301
n006231,369
n006232,317
n006233,368
n006234,361
n006235,338
n006236,363
n006237,233
n006238,386
n006239,549
n006240,469
n006241,349
n006242,480
n006243,319
n006244,369
n006245,361
n006246,365
n006248,473
n006249,256
n006250,241
n006251,252
n006252,260
n006253,530
n006254,387
n006255,278
n006256,342
n006257,216
n006258,363
n006259,280
n006260,300
n006261,436
n006262,327
n006263,397
n006264,380
n006265,377
n006266,540
n006267,448
n006268,332
n006269,390
n006270,322
n006271,354
n006272,201
n006273,396
n006274,537
n006275,387
n006276,353
n006277,393
n006278,322
n006279,297
n006280,375
n006281,401
n006282,365
n006283,311
n006284,329
n006285,338
n006286,246
n006287,470
n006288,414
n006289,392
n006290,331
n006291,339
n006292,354
n006293,396
n006294,406
n006296,412
n006297,468
n006298,488
n006300,521
n006302,361
n006303,434
n006304,322
n006305,266
n006306,332
n006307,329
n006308,368
n006310,485
n006311,223
n006312,236
n006313,309
n006314,349
n006315,307
n006316,259
n006317,359
n006318,332
n006319,384
n006320,375
n006321,270
n006322,420
n006323,200
n006324,239
n006325,475
n006326,282
n006327,287
n006328,414
n006329,379
n006330,404
n006331,328
n006332,415
n006333,459
n006334,365
n006335,361
n006336,236
n006337,253
n006338,267
n006339,389
n006340,378
n006341,488
n006342,374
n006343,394
n006344,214
n006345,483
n006346,374
n006348,290
n006349,528
n006350,467
n006351,452
n006352,550
n006353,229
n006354,430
n006355,323
n006356,344
n006357,246
n006358,264
n006359,623
n006360,317
n006361,354
n006362,337
n006363,554
n006364,273
n006365,229
n006366,428
n006367,467
n006368,351
n006369,296
n006370,267
n006371,390
n006372,321
n006373,246
n006374,303
n006375,430
n006376,389
n006377,459
n006378,189
n006379,533
n006380,336
n006381,191
n006382,449
n006383,265
n006384,423
n006385,219
n006386,424
n006387,202
n006388,262
n006389,338
n006390,191
n006391,523
n006392,474
n006393,420
n006394,554
n006395,229
n006396,407
n006397,213
n006398,346
n006399,369
n006400,609
n006401,333
n006402,306
n006403,403
n006404,219
n006405,212
n006406,414
n006407,366
n006408,381
n006410,585
n006411,334
n006412,446
n006413,383
n006414,418
n006415,300
n006416,408
n006417,258
n006418,337
n006420,519
n006421,287
n006422,305
n006423,336
n006424,492
n006425,230
n006426,515
n006427,468
n006428,343
n006429,287
n006430,217
n006431,409
n006432,375
n006433,319
n006434,282
n006435,223
n006436,304
n006437,250
n006438,228
n006439,348
n006440,351
n006441,257
n006442,572
n006443,279
n006444,312
n006445,311
n006446,351
n006447,215
n006448,469
n006449,409
n006450,442
n006452,200
n006453,300
n006454,213
n006455,419
n006456,212
n006457,336
n006459,375
n006460,313
n006461,459
n006462,192
n006463,101
n006464,427
n006465,326
n006466,289
n006467,304
n006468,323
n006469,305
n006470,356
n006471,493
n006473,439
n006474,313
n006475,239
n006476,335
n006477,317
n006478,614
n006479,486
n006480,306
n006481,511
n006482,338
n006483,367
n006484,372
n006485,319
n006486,343
n006487,237
n006488,405
n006489,306
n006490,283
n006491,244
n006492,330
n006493,342
n006494,471
n006495,290
n006496,287
n006498,493
n006499,483
n006500,324
n006501,434
n006502,325
n006503,588
n006504,210
n006505,310
n006506,320
n006507,293
n006508,317
n006509,288
n006510,461
n006511,341
n006512,321
n006513,204
n006514,322
n006515,299
n006516,322
n006517,285
n006518,282
n006519,415
n006520,241
n006521,243
n006522,345
n006523,487
n006524,203
n006525,319
n006526,389
n006527,364
n006528,252
n006529,364
n006530,269
n006533,265
n006534,325
n006535,355
n006536,255
n006537,338
n006538,219
n006539,318
n006540,350
n006541,364
n006542,243
n006543,286
n006544,267
n006545,231
n006546,329
n006547,456
n006548,382
n006549,412
n006550,234
n006551,416
n006552,240
n006553,376
n006554,290
n006555,178
n006556,530
n006557,516
n006558,456
n006559,540
n006560,377
n006561,263
n006562,361
n006563,338
n006564,478
n006565,420
n006566,442
n006567,334
n006568,367
n006569,233
n006570,484
n006571,466
n006573,503
n006575,260
n006576,457
n006577,445
n006578,389
n006579,371
n006580,266
n006581,326
n006582,247
n006583,418
n006584,247
n006585,481
n006587,226
n006588,431
n006589,308
n006590,339
n006591,214
n006592,516
n006593,280
n006594,365
n006595,481
n006596,637
n006597,320
n006598,331
n006599,418
n006600,359
n006601,331
n006602,355
n006603,291
n006604,201
n006605,248
n006606,294
n006607,291
n006608,424
n006609,155
n006610,291
n006611,384
n006612,345
n006613,479
n006614,260
n006615,388
n006616,359
n006617,310
n006618,480
n006619,469
n006620,422
n006621,289
n006622,279
n006623,511
n006624,409
n006625,410
n006627,227
n006628,248
n006629,441
n006630,243
n006631,190
n006632,295
n006633,197
n006634,272
n006635,302
n006636,397
n006637,326
n006638,316
n006639,423
n006640,406
n006641,215
n006642,295
n006643,211
n006644,494
n006645,372
n006646,355
n006647,267
n006648,419
n006649,300
n006650,319
n006651,262
n006652,319
n006654,561
n006655,385
n006656,283
n006657,222
n006658,294
n006660,545
n006661,364
n006662,370
n006663,349
n006665,399
n006666,323
n006667,308
n006668,519
n006669,287
n006670,185
n006671,516
n006672,610
n006673,361
n006674,364
n006675,399
n006677,135
n006678,462
n006679,200
n006680,161
n006682,379
n006683,537
n006684,335
n006685,357
n006686,372
n006687,275
n006688,511
n006689,369
n006690,416
n006691,481
n006692,405
n006693,368
n006694,327
n006695,541
n006696,389
n006697,264
n006698,305
n006699,316
n006700,271
n006701,348
n006702,386
n006703,273
n006704,357
n006705,500
n006707,418
n006708,387
n006709,315
n006710,530
n006711,225
n006712,400
n006713,491
n006714,354
n006715,204
n006716,506
n006717,213
n006718,324
n006719,302
n006720,330
n006721,454
n006722,473
n006723,291
n006724,404
n006725,279
n006726,311
n006727,356
n006728,335
n006729,290
n006730,205
n006731,315
n006732,330
n006733,339
n006734,262
n006735,263
n006736,400
n006737,397
n006738,307
n006739,302
n006740,412
n006741,113
n006742,241
n006743,385
n006744,268
n006745,285
n006746,311
n006747,305
n006748,476
n006749,294
n006750,202
n006751,327
n006752,365
n006753,378
n006754,248
n006755,365
n006756,310
n006757,355
n006758,254
n006759,404
n006760,250
n006761,306
n006762,358
n006763,414
n006764,443
n006765,305
n006766,438
n006767,305
n006768,294
n006769,354
n006770,347
n006771,344
n006773,329
n006774,403
n006775,330
n006776,650
n006777,347
n006778,413
n006779,488
n006780,274
n006781,335
n006782,351
n006783,357
n006784,433
n006785,315
n006786,351
n006787,300
n006788,246
n006789,360
n006790,196
n006791,383
n006792,205
n006793,433
n006794,337
n006795,350
n006796,325
n006797,289
n006798,235
n006799,287
n006800,482
n006801,377
n006802,160
n006803,259
n006804,437
n006805,359
n006806,474
n006807,246
n006809,341
n006810,379
n006811,340
n006812,456
n006813,240
n006814,488
n006816,371
n006817,349
n006818,352
n006819,348
n006820,399
n006821,327
n006822,379
n006823,352
n006824,529
n006826,396
n006827,410
n006828,347
n006829,368
n006830,250
n006831,420
n006832,500
n006833,385
n006834,216
n006835,350
n006836,206
n006837,232
n006838,237
n006839,428
n006840,275
n006841,268
n006842,475
n006843,369
n006844,332
n006845,454
n006846,604
n006847,357
n006848,302
n006849,309
n006850,432
n006851,312
n006852,210
n006853,303
n006854,484
n006855,342
n006856,297
n006857,252
n006859,301
n006860,608
n006861,297
n006862,377
n006863,363
n006864,276
n006865,507
n006866,224
n006867,299
n006868,408
n006869,284
n006870,341
n006872,421
n006873,336
n006874,464
n006875,282
n006876,347
n006877,403
n006878,394
n006879,301
n006880,495
n006881,264
n006882,357
n006883,351
n006884,356
n006885,346
n006886,390
n006887,249
n006888,552
n006889,313
n006890,354
n006891,352
n006892,407
n006893,218
n006894,325
n006895,457
n006896,165
n006897,432
n006898,350
n006899,482
n006900,259
n006901,333
n006902,298
n006903,258
n006904,590
n006905,222
n006906,330
n006907,412
n006908,398
n006910,416
n006911,419
n006913,481
n006914,373
n006915,234
n006916,239
n006917,494
n006918,399
n006919,365
n006920,503
n006921,445
n006923,227
n006924,248
n006925,382
n006926,255
n006927,208
n006928,435
n006929,295
n006930,286
n006931,371
n006932,333
n006933,499
n006934,476
n006935,317
n006936,519
n006937,458
n006938,331
n006939,337
n006940,233
n006941,423
n006943,394
n006944,363
n006945,533
n006946,294
n006947,415
n006948,367
n006949,391
n006950,268
n006951,387
n006952,299
n006953,313
n006954,211
n006955,310
n006956,566
n006957,534
n006958,434
n006959,565
n006960,437
n006961,291
n006962,366
n006963,300
n006965,383
n006966,367
n006967,407
n006968,327
n006969,444
n006970,451
n006971,356
n006972,497
n006973,200
n006974,261
n006975,215
n006976,357
n006977,209
n006978,402
n006979,509
n006980,291
n006981,270
n006982,407
n006983,338
n006984,409
n006985,291
n006986,313
n006988,306
n006989,263
n006990,294
n006991,400
n006993,301
n006994,446
n006995,405
n006996,326
n006997,518
n006998,324
n006999,238
n007000,462
n007001,531
n007003,423
n007004,266
n007005,190
n007006,380
n007007,337
n007009,567
n007010,354
n007011,457
n007012,372
n007013,448
n007016,452
n007017,316
n007022,326
n007023,455
n007024,286
n007025,484
n007026,326
n007027,539
n007028,276
n007029,377
n007030,260
n007031,501
n007032,231
n007033,177
n007034,592
n007035,382
n007036,332
n007037,614
n007039,294
n007040,263
n007041,275
n007043,421
n007044,513
n007045,298
n007046,353
n007047,387
n007048,303
n007049,382
n007050,480
n007051,471
n007052,411
n007053,297
n007054,342
n007056,298
n007057,477
n007058,160
n007059,437
n007061,273
n007062,369
n007063,289
n007064,439
n007065,425
n007066,294
n007069,416
n007070,265
n007071,415
n007072,395
n007073,421
n007074,454
n007075,453
n007076,488
n007077,445
n007078,296
n007079,576
n007080,489
n007081,497
n007082,354
n007083,408
n007084,400
n007085,457
n007086,345
n007087,325
n007091,488
n007093,471
n007095,417
n007098,522
n007099,160
n007100,473
n007101,379
n007102,421
n007103,337
n007106,538
n007107,351
n007108,383
n007109,443
n007110,419
n007111,290
n007112,348
n007113,215
n007114,443
n007115,481
n007116,481
n007117,225
n007118,421
n007119,265
n007120,673
n007122,463
n007123,447
n007124,346
n007125,281
n007126,318
n007127,322
n007128,291
n007129,588
n007130,282
n007131,207
n007132,547
n007134,402
n007135,381
n007136,380
n007137,382
n007138,530
n007139,658
n007140,370
n007141,128
n007142,224
n007143,415
n007144,559
n007145,221
n007147,211
n007148,327
n007149,230
n007150,365
n007151,391
n007152,294
n007153,480
n007154,262
n007155,392
n007156,203
n007158,285
n007160,494
n007161,398
n007163,488
n007164,210
n007165,488
n007167,419
n007168,399
n007170,453
n007171,184
n007172,353
n007173,561
n007174,505
n007176,373
n007177,558
n007178,305
n007179,292
n007180,412
n007181,342
n007182,234
n007185,480
n007186,369
n007187,371
n007188,235
n007189,298
n007190,135
n007191,302
n007192,263
n007193,378
n007194,433
n007195,476
n007196,432
n007197,256
n007198,401
n007199,467
n007202,309
n007203,504
n007205,417
n007206,402
n007207,441
n007208,341
n007209,578
n007211,306
n007212,307
n007213,372
n007214,434
n007216,560
n007217,391
n007218,382
n007221,235
n007222,422
n007224,357
n007225,497
n007226,475
n007229,606
n007230,405
n007231,351
n007232,439
n007233,280
n007235,609
n007236,394
n007239,443
n007242,445
n007243,342
n007244,316
n007245,394
n007248,475
n007249,343
n007250,496
n007251,277
n007252,560
n007253,378
n007254,412
n007255,460
n007256,261
n007257,450
n007258,419
n007259,284
n007262,425
n007263,371
n007265,475
n007266,489
n007267,512
n007268,268
n007269,385
n007271,305
n007272,545
n007273,322
n007274,482
n007276,428
n007277,386
n007279,406
n007280,565
n007281,420
n007282,466
n007283,475
n007284,230
n007285,404
n007286,411
n007287,432
n007288,232
n007289,353
n007290,425
n007291,442
n007293,311
n007294,337
n007295,448
n007297,259
n007298,506
n007300,240
n007301,352
n007302,450
n007303,400
n007304,475
n007305,382
n007306,491
n007307,451
n007308,254
n007309,423
n007310,298
n007312,270
n007313,507
n007314,327
n007315,435
n007316,380
n007317,361
n007318,189
n007319,378
n007322,432
n007323,335
n007324,358
n007325,455
n007326,354
n007327,566
n007328,328
n007329,227
n007330,330
n007331,601
n007332,371
n007333,558
n007334,269
n007335,230
n007336,459
n007337,542
n007339,148
n007340,270
n007341,437
n007342,469
n007343,394
n007344,330
n007345,335
n007348,556
n007349,316
n007350,518
n007351,234
n007352,365
n007354,337
n007355,343
n007356,507
n007357,423
n007359,411
n007360,296
n007361,417
n007362,454
n007364,171
n007365,282
n007366,443
n007367,471
n007369,217
n007370,188
n007373,223
n007374,222
n007375,390
n007376,408
n007377,337
n007383,262
n007386,319
n007387,310
n007389,516
n007391,409
n007392,506
n007393,482
n007395,455
n007396,343
n007398,500
n007399,346
n007400,245
n007401,226
n007402,399
n007403,262
n007404,208
n007405,358
n007407,250
n007408,303
n007409,294
n007410,491
n007412,300
n007413,385
n007414,380
n007415,328
n007417,363
n007418,338
n007419,320
n007420,423
n007421,444
n007422,331
n007423,334
n007426,425
n007427,366
n007428,494
n007429,211
n007430,239
n007431,270
n007432,541
n007433,412
n007434,228
n007435,213
n007436,357
n007437,435
n007438,380
n007440,414
n007441,221
n007442,300
n007443,321
n007444,318
n007445,538
n007446,412
n007447,367
n007448,355
n007449,300
n007450,387
n007451,415
n007452,351
n007453,290
n007454,454
n007455,336
n007456,371
n007457,346
n007458,450
n007459,215
n007460,382
n007461,373
n007462,278
n007463,232
n007464,493
n007465,530
n007468,388
n007469,361
n007471,294
n007472,313
n007473,468
n007475,314
n007476,489
n007477,316
n007478,227
n007479,249
n007480,431
n007481,489
n007483,354
n007484,482
n007485,292
n007486,267
n007487,226
n007488,365
n007489,376
n007490,324
n007491,395
n007492,214
n007493,553
n007494,390
n007495,200
n007496,254
n007497,218
n007499,321
n007501,355
n007502,389
n007503,209
n007504,326
n007506,427
n007507,331
n007508,507
n007509,304
n007510,400
n007511,419
n007512,373
n007513,215
n007514,370
n007515,246
n007516,346
n007517,427
n007520,348
n007521,277
n007522,258
n007523,443
n007524,310
n007525,467
n007526,204
n007528,376
n007529,282
n007530,416
n007533,270
n007534,364
n007535,345
n007536,387
n007537,438
n007538,283
n007539,518
n007540,574
n007543,356
n007544,484
n007545,420
n007546,580
n007547,271
n007549,404
n007550,421
n007551,401
n007552,361
n007553,448
n007554,274
n007555,279
n007557,387
n007558,385
n007559,566
n007560,590
n007561,286
n007562,326
n007563,359
n007564,599
n007565,394
n007566,463
n007567,490
n007568,342
n007569,375
n007572,326
n007573,421
n007574,257
n007575,596
n007576,476
n007577,452
n007578,307
n007579,437
n007580,236
n007581,368
n007582,383
n007583,298
n007584,385
n007585,533
n007587,356
n007588,248
n007589,278
n007590,638
n007591,500
n007593,352
n007596,377
n007597,313
n007599,336
n007600,386
n007601,290
n007603,211
n007604,402
n007605,284
n007606,315
n007607,343
n007609,322
n007613,200
n007614,268
n007615,403
n007616,568
n007617,447
n007618,368
n007619,640
n007620,542
n007621,305
n007622,245
n007624,310
n007625,224
n007626,334
n007628,295
n007629,532
n007630,524
n007632,357
n007635,301
n007636,370
n007637,209
n007638,221
n007639,322
n007640,424
n007642,506
n007643,311
n007644,285
n007645,407
n007646,297
n007647,527
n007648,281
n007649,320
n007655,347
n007656,272
n007657,372
n007659,370
n007660,373
n007661,490
n007662,274
n007663,409
n007665,417
n007667,203
n007669,441
n007670,440
n007671,170
n007672,253
n007674,294
n007675,373
n007676,308
n007677,495
n007678,152
n007679,424
n007680,376
n007681,327
n007682,353
n007683,409
n007684,484
n007685,399
n007686,206
n007687,284
n007688,508
n007689,282
n007690,274
n007691,404
n007692,334
n007693,264
n007694,339
n007696,338
n007697,212
n007698,411
n007699,384
n007701,347
n007702,482
n007704,358
n007705,414
n007706,398
n007707,313
n007708,214
n007710,224
n007711,406
n007712,359
n007713,413
n007714,341
n007715,374
n007716,464
n007717,323
n007718,230
n007719,381
n007720,381
n007721,256
n007722,482
n007724,323
n007725,389
n007726,388
n007727,301
n007729,282
n007730,208
n007731,297
n007732,351
n007733,117
n007734,429
n007735,428
n007736,496
n007737,454
n007739,237
n007740,424
n007741,360
n007742,252
n007743,489
n007745,261
n007746,308
n007747,367
n007748,372
n007749,344
n007750,346
n007751,273
n007752,490
n007754,436
n007755,416
n007756,312
n007757,432
n007758,312
n007759,274
n007760,410
n007761,233
n007762,320
n007763,499
n007764,249
n007765,481
n007767,421
n007768,465
n007769,326
n007770,397
n007771,294
n007772,431
n007773,318
n007774,288
n007776,338
n007777,515
n007778,369
n007779,443
n007780,354
n007781,340
n007782,126
n007783,286
n007784,401
n007785,607
n007786,351
n007787,640
n007788,333
n007790,431
n007791,545
n007792,392
n007793,230
n007794,354
n007796,186
n007797,392
n007798,208
n007799,283
n007800,302
n007801,477
n007803,461
n007804,385
n007805,368
n007806,355
n007807,358
n007808,275
n007809,318
n007810,248
n007812,235
n007813,450
n007815,429
n007818,348
n007819,358
n007821,335
n007822,317
n007824,350
n007825,306
n007826,460
n007827,456
n007828,443
n007830,421
n007831,302
n007832,371
n007833,209
n007834,246
n007835,197
n007836,470
n007838,211
n007840,352
n007841,369
n007842,295
n007843,396
n007844,350
n007845,238
n007846,357
n007847,373
n007849,493
n007850,371
n007851,366
n007853,386
n007855,419
n007856,395
n007857,299
n007858,379
n007859,399
n007860,416
n007861,410
n007862,190
n007863,433
n007864,117
n007866,213
n007867,316
n007869,460
n007870,447
n007871,290
n007874,376
n007875,180
n007876,119
n007877,460
n007878,394
n007879,460
n007880,344
n007881,204
n007883,506
n007884,235
n007886,260
n007887,584
n007888,489
n007889,293
n007890,300
n007891,437
n007892,323
n007893,252
n007894,486
n007895,265
n007896,339
n007897,343
n007901,467
n007902,303
n007904,187
n007906,458
n007907,353
n007908,299
n007910,251
n007911,274
n007912,150
n007913,335
n007915,435
n007916,346
n007917,290
n007918,338
n007920,392
n007921,326
n007922,307
n007923,410
n007924,331
n007925,485
n007926,485
n007927,357
n007928,480
n007929,423
n007930,358
n007931,338
n007932,477
n007933,412
n007934,284
n007935,288
n007936,379
n007937,261
n007938,567
n007939,153
n007940,338
n007943,307
n007945,225
n007946,558
n007948,409
n007950,545
n007952,422
n007953,433
n007954,299
n007955,436
n007956,335
n007957,365
n007958,278
n007959,339
n007960,594
n007961,430
n007962,381
n007963,298
n007966,288
n007968,520
n007969,566
n007970,435
n007971,548
n007972,536
n007974,482
n007975,574
n007976,371
n007977,351
n007979,525
n007980,520
n007981,600
n007982,258
n007983,486
n007984,337
n007985,319
n007986,350
n007988,298
n007989,320
n007991,348
n007992,402
n007993,601
n007994,383
n007995,392
n007998,456
n007999,505
n008000,342
n008001,481
n008002,291
n008004,394
n008005,367
n008007,215
n008009,241
n008010,447
n008011,491
n008013,607
n008014,379
n008016,288
n008017,359
n008018,202
n008019,329
n008022,244
n008023,504
n008024,419
n008025,394
n008026,375
n008027,377
n008038,446
n008039,409
n008040,375
n008041,481
n008042,479
n008043,330
n008044,251
n008045,385
n008046,478
n008048,531
n008050,321
n008051,380
n008052,442
n008053,434
n008055,323
n008057,292
n008059,674
n008060,493
n008061,309
n008062,318
n008063,255
n008064,582
n008065,495
n008066,362
n008067,499
n008068,202
n008069,273
n008070,319
n008071,393
n008072,397
n008073,536
n008074,189
n008075,360
n008076,239
n008077,312
n008078,501
n008079,504
n008080,435
n008081,118
n008082,429
n008083,417
n008084,350
n008085,383
n008087,300
n008088,300
n008089,270
n008090,303
n008091,421
n008092,538
n008093,327
n008094,341
n008095,334
n008096,479
n008097,463
n008098,375
n008099,392
n008100,372
n008101,327
n008102,265
n008103,429
n008104,297
n008109,530
n008111,284
n008112,411
n008113,141
n008115,290
n008116,334
n008117,239
n008119,341
n008120,138
n008121,405
n008122,428
n008123,359
n008124,371
n008125,392
n008126,348
n008127,446
n008129,298
n008130,294
n008131,247
n008132,234
n008133,411
n008134,336
n008135,276
n008136,436
n008137,345
n008138,311
n008139,427
n008140,230
n008141,369
n008142,489
n008143,203
n008144,470
n008145,322
n008146,310
n008147,335
n008151,362
n008152,330
n008153,427
n008154,395
n008156,498
n008157,442
n008158,470
n008159,530
n008161,387
n008162,254
n008165,672
n008166,496
n008168,474
n008169,255
n008170,504
n008171,455
n008172,429
n008173,401
n008174,440
n008175,456
n008176,306
n008180,441
n008181,431
n008182,310
n008184,304
n008185,291
n008186,589
n008187,479
n008188,308
n008189,293
n008190,381
n008191,374
n008192,501
n008193,194
n008196,284
n008197,409
n008198,361
n008199,263
n008200,300
n008201,480
n008202,412
n008203,349
n008204,273
n008205,460
n008206,299
n008207,552
n008208,399
n008209,320
n008210,328
n008211,325
n008212,376
n008214,503
n008215,402
n008216,432
n008217,376
n008218,414
n008219,530
n008220,325
n008221,358
n008223,639
n008225,500
n008226,344
n008227,288
n008228,318
n008230,335
n008231,249
n008233,469
n008234,444
n008235,309
n008237,349
n008238,441
n008239,423
n008240,480
n008241,292
n008242,560
n008243,383
n008244,317
n008245,296
n008248,475
n008249,392
n008250,319
n008252,187
n008253,308
n008254,206
n008255,218
n008256,255
n008257,404
n008258,333
n008259,324
n008261,377
n008262,442
n008263,538
n008265,237
n008266,446
n008267,361
n008270,389
n008272,388
n008273,252
n008274,452
n008275,385
n008276,528
n008277,374
n008279,386
n008280,407
n008282,497
n008283,394
n008284,411
n008285,325
n008286,324
n008287,451
n008288,487
n008289,377
n008290,455
n008291,271
n008292,287
n008295,228
n008296,510
n008297,375
n008299,288
n008300,123
n008301,348
n008302,342
n008303,367
n008306,366
n008308,424
n008309,499
n008310,391
n008311,448
n008312,461
n008313,462
n008316,525
n008318,305
n008319,385
n008320,321
n008321,418
n008322,310
n008323,351
n008324,435
n008326,390
n008327,323
n008328,746
n008330,358
n008332,435
n008333,505
n008334,430
n008335,314
n008336,323
n008337,248
n008338,403
n008339,415
n008340,340
n008341,220
n008342,438
n008343,263
n008344,141
n008345,239
n008347,349
n008348,371
n008349,358
n008350,416
n008351,213
n008352,379
n008353,385
n008354,322
n008355,276
n008356,348
n008357,449
n008358,452
n008359,316
n008360,292
n008362,270
n008363,377
n008364,361
n008365,383
n008366,352
n008367,366
n008368,238
n008369,502
n008370,363
n008374,450
n008375,273
n008376,467
n008377,253
n008378,358
n008380,361
n008381,219
n008387,507
n008388,661
n008389,444
n008390,241
n008392,240
n008393,224
n008394,235
n008395,400
n008397,335
n008398,389
n008399,359
n008400,475
n008402,400
n008403,216
n008404,285
n008405,487
n008406,255
n008407,254
n008408,387
n008409,216
n008410,467
n008411,309
n008412,512
n008413,460
n008414,353
n008415,353
n008416,486
n008417,375
n008418,290
n008419,465
n008420,473
n008421,366
n008422,278
n008424,257
n008425,294
n008427,425
n008428,324
n008430,308
n008434,301
n008437,328
n008438,253
n008439,407
n008440,571
n008441,465
n008442,303
n008444,208
n008445,210
n008449,321
n008453,237
n008456,518
n008457,393
n008458,432
n008459,488
n008460,376
n008461,350
n008462,438
n008463,438
n008464,506
n008465,329
n008466,314
n008467,453
n008468,256
n008470,245
n008473,440
n008474,216
n008475,273
n008477,316
n008479,467
n008480,283
n008481,380
n008482,228
n008483,356
n008490,408
n008491,392
n008492,238
n008493,317
n008494,310
n008496,342
n008497,319
n008498,444
n008499,374
n008501,311
n008502,643
n008503,236
n008504,363
n008505,372
n008507,392
n008508,456
n008509,313
n008512,397
n008513,243
n008514,262
n008515,433
n008516,215
n008517,527
n008519,427
n008520,610
n008521,225
n008522,320
n008523,306
n008524,506
n008525,244
n008526,352
n008527,297
n008529,524
n008531,321
n008532,380
n008533,457
n008534,393
n008535,487
n008536,309
n008537,482
n008538,307
n008540,205
n008542,323
n008543,530
n008544,335
n008546,480
n008547,375
n008548,434
n008549,337
n008550,381
n008552,318
n008553,315
n008554,191
n008555,427
n008557,386
n008560,345
n008561,411
n008562,464
n008563,269
n008564,326
n008565,367
n008566,429
n008568,672
n008569,261
n008570,333
n008571,376
n008574,334
n008577,135
n008579,324
n008581,368
n008583,345
n008584,519
n008585,288
n008586,588
n008587,256
n008588,392
n008589,384
n008590,268
n008591,273
n008592,363
n008596,301
n008597,375
n008598,422
n008599,457
n008600,524
n008601,435
n008602,259
n008603,553
n008604,325
n008605,434
n008606,359
n008607,488
n008608,352
n008609,278
n008611,333
n008612,437
n008614,347
n008616,306
n008617,523
n008618,215
n008619,519
n008620,304
n008621,366
n008622,545
n008623,528
n008624,375
n008625,311
n008626,299
n008627,301
n008628,210
n008632,386
n008633,503
n008634,516
n008635,204
n008636,431
n008637,251
n008639,480
n008640,559
n008641,468
n008642,347
n008643,280
n008644,345
n008645,285
n008647,455
n008648,460
n008649,264
n008650,345
n008652,408
n008654,434
n008656,267
n008657,465
n008658,502
n008659,308
n008661,344
n008663,324
n008664,311
n008665,355
n008666,456
n008667,362
n008668,377
n008669,463
n008670,346
n008671,291
n008673,473
n008675,403
n008676,358
n008677,358
n008678,218
n008680,201
n008681,334
n008683,509
n008684,190
n008685,154
n008687,341
n008691,203
n008692,309
n008693,367
n008694,349
n008696,261
n008697,376
n008698,442
n008699,554
n008700,388
n008701,473
n008702,488
n008703,325
n008705,313
n008706,227
n008707,408
n008709,221
n008711,214
n008713,342
n008714,342
n008715,553
n008716,372
n008718,439
n008719,280
n008720,292
n008721,321
n008723,371
n008724,335
n008725,276
n008726,341
n008727,521
n008728,151
n008729,179
n008733,237
n008734,364
n008735,256
n008736,431
n008737,238
n008739,344
n008740,329
n008741,307
n008742,290
n008744,261
n008745,410
n008746,306
n008747,292
n008748,435
n008749,336
n008750,495
n008751,475
n008753,465
n008754,308
n008755,308
n008756,313
n008757,462
n008759,349
n008760,380
n008761,554
n008762,209
n008763,162
n008764,268
n008765,408
n008766,246
n008767,482
n008768,337
n008769,307
n008770,387
n008771,368
n008774,474
n008775,219
n008776,309
n008780,260
n008781,394
n008782,294
n008783,369
n008784,108
n008785,323
n008786,423
n008787,245
n008788,490
n008789,410
n008790,288
n008791,421
n008792,271
n008793,266
n008794,357
n008795,464
n008796,305
n008797,314
n008798,377
n008799,368
n008800,421
n008801,541
n008802,369
n008805,266
n008806,329
n008807,396
n008809,283
n008810,422
n008811,336
n008812,309
n008813,447
n008814,469
n008816,232
n008817,374
n008819,419
n008820,313
n008821,299
n008822,459
n008823,211
n008824,291
n008826,389
n008827,212
n008830,342
n008831,360
n008832,439
n008833,477
n008834,337
n008835,227
n008836,353
n008837,229
n008838,420
n008840,498
n008841,335
n008842,273
n008844,493
n008845,281
n008846,228
n008847,205
n008848,259
n008849,453
n008850,343
n008851,353
n008852,512
n008853,203
n008856,282
n008857,265
n008859,432
n008860,303
n008861,237
n008862,319
n008863,156
n008864,356
n008865,454
n008867,430
n008868,374
n008869,402
n008870,399
n008871,284
n008872,499
n008873,275
n008874,401
n008875,323
n008877,344
n008878,296
n008879,506
n008880,320
n008881,337
n008882,480
n008883,370
n008884,490
n008885,483
n008886,230
n008887,250
n008891,371
n008892,341
n008893,445
n008894,310
n008895,310
n008896,303
n008897,221
n008898,272
n008899,285
n008900,413
n008901,508
n008902,332
n008903,482
n008904,526
n008906,312
n008907,333
n008909,439
n008910,296
n008912,259
n008913,178
n008914,357
n008915,510
n008916,207
n008918,332
n008919,440
n008920,259
n008921,248
n008922,216
n008923,442
n008924,373
n008926,386
n008927,585
n008928,371
n008929,378
n008930,513
n008931,351
n008933,528
n008936,474
n008938,449
n008939,505
n008940,368
n008941,399
n008942,485
n008943,286
n008944,443
n008945,270
n008946,322
n008947,308
n008949,268
n008950,411
n008951,392
n008952,376
n008953,484
n008954,292
n008955,454
n008956,366
n008957,347
n008959,423
n008960,282
n008961,372
n008962,326
n008963,223
n008964,318
n008965,314
n008966,332
n008967,373
n008968,208
n008969,374
n008970,339
n008971,324
n008973,160
n008974,485
n008975,280
n008976,352
n008977,362
n008980,471
n008981,335
n008983,478
n008984,321
n008986,295
n008987,441
n008990,220
n008991,410
n008992,364
n008993,296
n008994,257
n008995,233
n008996,333
n008997,161
n008998,499
n009000,264
n009003,267
n009004,215
n009005,415
n009006,313
n009007,296
n009008,375
n009010,403
n009011,244
n009012,314
n009013,213
n009015,199
n009018,380
n009019,216
n009020,268
n009021,285
n009022,399
n009023,195
n009024,245
n009025,336
n009026,363
n009027,309
n009030,479
n009031,387
n009032,390
n009033,471
n009034,254
n009035,551
n009036,553
n009038,234
n009039,444
n009043,480
n009045,313
n009046,551
n009047,501
n009048,500
n009049,518
n009050,330
n009051,379
n009052,526
n009054,265
n009055,309
n009056,423
n009058,173
n009059,428
n009060,323
n009061,362
n009062,304
n009066,365
n009067,205
n009068,509
n009069,429
n009070,394
n009073,237
n009074,389
n009075,531
n009077,316
n009080,203
n009081,322
n009082,377
n009083,285
n009085,179
n009086,274
n009087,236
n009088,297
n009089,255
n009091,413
n009092,314
n009095,253
n009096,337
n009097,390
n009098,389
n009099,441
n009100,404
n009101,240
n009109,448
n009110,305
n009113,288
n009119,235
n009122,452
n009126,343
n009131,419
n009132,375
n009139,409
n009144,494
n009145,489
n009146,187
n009147,541
n009149,325
n009150,408
n009151,367
n009153,274
n009154,330
n009155,280
n009156,409
n009157,348
n009158,403
n009159,457
n009160,365
n009161,512
n009163,331
n009164,510
n009165,465
n009166,498
n009167,308
n009168,256
n009169,352
n009170,374
n009171,610
n009172,285
n009179,252
n009180,385
n009182,152
n009183,377
n009184,429
n009186,320
n009187,283
n009188,487
n009189,259
n009190,237
n009191,284
n009192,299
n009193,365
n009194,502
n009195,272
n009196,356
n009197,435
n009198,491
n009200,366
n009201,466
n009202,280
n009203,325
n009204,356
n009205,392
n009207,308
n009208,368
n009209,267
n009211,234
n009215,366
n009216,480
n009217,367
n009218,441
n009219,387
n009220,489
n009221,437
n009222,446
n009223,440
n009224,269
n009226,367
n009227,511
n009228,372
n009229,281
n009230,491
n009231,427
n009233,438
n009234,359
n009236,300
n009237,370
n009238,378
n009239,400
n009240,272
n009241,294
n009242,392
n009243,471
n009244,208
n009245,407
n009246,379
n009247,404
n009248,285
n009249,266
n009250,333
n009251,332
n009252,396
n009254,363
n009255,353
n009256,267
n009257,333
n009258,407
n009259,419
n009260,379
n009261,297
n009262,266
n009263,505
n009264,509
n009265,363
n009266,252
n009267,355
n009268,509
n009269,387
n009270,295
n009271,480
n009272,405
n009273,398
